timestamp,acc_x,acc_y,acc_z,gyro_x,gyro_y,gyro_z
0.000000,0.001755,-0.992038,0.011339,0.008545,0.007438,0.014894
0.026056,0.012399,-0.976883,0.002286,-0.000820,0.002816,-0.020109
0.052429,-0.000947,-1.008111,-0.007567,-0.006209,-0.005788,0.000685
0.071111,0.009131,-0.994256,-0.010349,0.001985,-0.004194,0.004535
0.103071,-0.006177,-1.004575,0.018740,-0.004089,0.000364,-0.005813
0.126020,-0.009954,-0.994906,-0.019411,0.002391,-0.005511,-0.001855
0.153132,-0.001481,-0.982591,-0.014856,-0.007711,-0.013115,0.013196
0.176090,0.015098,-1.021827,0.000810,-0.007347,0.010866,-0.003201
0.204648,-0.011946,-0.999445,-0.002750,-0.000152,0.000893,-0.008618
0.221249,0.011026,-0.995966,0.002143,-0.016927,0.007886,0.002205
0.257104,-0.005230,-0.993834,-0.009437,-0.016367,-0.007226,-0.006365
0.279810,-0.006410,-1.006722,0.006932,0.010887,0.005134,-0.000188
0.297600,0.028394,-0.999982,0.023156,0.011034,0.004073,-0.007357
0.327641,-0.010907,-1.006368,0.006376,-0.013952,0.009714,-0.017120
0.351779,0.008591,-0.990060,0.019063,0.011864,-0.017992,-0.006687
0.368017,-0.001130,-0.986173,0.003150,0.012110,0.008756,0.011591
0.402381,-0.032554,-1.011047,-0.006104,-0.014996,-0.003172,-0.000741
0.422658,0.002693,-0.992768,-0.003074,-0.004293,-0.006067,0.002764
0.449000,0.017088,-1.010748,-0.000072,-0.000100,-0.009771,-0.005886
0.472590,0.012394,-1.012580,0.015278,-0.002868,-0.000528,-0.002822
0.498288,0.012794,-1.001052,0.000279,-0.015539,0.000679,0.004814
0.525287,0.000329,-0.998852,0.015161,0.015542,-0.005245,0.008973
0.550387,0.007550,-1.015605,-0.018248,-0.005631,0.012553,-0.001329
0.568763,0.008582,-1.030604,-0.018681,0.001035,-0.002073,0.001613
0.598925,-0.006036,-0.999478,0.016310,0.001901,-0.013765,0.006733
0.619621,0.003377,-0.957156,0.002664,-0.010068,-0.001696,0.009558
0.644917,0.011500,-0.987084,-0.001195,-0.002041,-0.006415,0.016984
0.673612,0.012630,-0.992131,0.002895,0.014191,0.014384,0.010719
0.703421,-0.006373,-1.004401,0.009601,0.005220,0.002402,-0.014156
0.727523,0.000774,-0.994451,0.004893,-0.009020,-0.008231,0.011122
0.747581,0.004535,-0.999107,0.007095,0.024440,0.008279,-0.001704
0.772158,0.011151,-0.982825,0.006053,0.014081,-0.000360,-0.002041
0.796690,-0.005534,-1.007380,0.007696,-0.000407,0.011453,0.012807
0.825571,-0.017043,-1.005495,0.012518,0.003293,-0.010143,0.008835
0.853747,-0.002742,-1.007098,0.014815,-0.007706,-0.009020,-0.005608
0.875072,-0.030545,-1.000189,-0.005414,-0.010693,-0.007161,0.017540
0.902771,-0.004639,-0.988415,0.018008,-0.009805,-0.000714,-0.015118
0.926262,0.014770,-0.991832,0.003962,-0.008210,-0.003674,0.001095
0.956017,-0.001696,-0.999235,-0.019334,0.001049,-0.000741,-0.007119
0.966973,-0.005038,-0.992140,-0.001372,0.014907,0.007163,-0.005495
0.991476,0.011085,-1.017872,-0.006657,-0.002411,-0.004557,-0.000228
1.024206,-0.010770,-0.986681,-0.003076,-0.006423,0.007385,0.009448
1.052546,-0.002299,-1.013895,-0.005952,-0.001279,0.003672,-0.005758
1.073358,-0.010860,-1.006101,0.026042,0.012700,-0.003965,0.005071
1.101703,-0.012590,-1.002403,-0.010643,0.003739,-0.009333,-0.018182
1.120306,0.016789,-1.010934,-0.010354,-0.007620,-0.010574,-0.006523
1.144962,0.005528,-0.979522,0.002767,-0.000868,-0.000904,-0.005495
1.172134,-0.005679,-1.029920,-0.043347,0.017365,-0.012333,0.009480
1.203365,0.000127,-0.999094,0.014058,0.007367,-0.008318,0.020074
1.227785,0.006663,-1.002543,0.015240,0.013259,0.003333,0.004792
1.247147,0.021728,-1.007262,0.011007,0.000748,0.006381,-0.004973
1.275724,0.015338,-1.008593,0.006654,0.011711,0.010253,-0.003666
1.297410,0.000650,-0.985394,0.013139,-0.014856,0.011607,0.002023
1.325080,-0.024377,-1.002169,0.016318,-0.008818,0.014737,0.002261
1.345543,0.007132,-1.011773,-0.005884,-0.015169,0.009616,-0.011635
1.374814,-0.011820,-0.995551,-0.015737,-0.019017,-0.007434,-0.002129
1.397057,0.015653,-0.989315,0.020015,-0.018864,0.023671,0.002900
1.424823,0.013936,-0.987216,0.010905,0.002058,-0.002033,0.002993
1.447392,0.007979,-1.022498,0.006668,-0.008330,-0.002839,0.011699
1.471713,-0.008215,-1.027969,0.018950,-0.002863,0.002247,-0.002165
1.500454,0.001127,-1.018745,0.003729,0.019225,0.012322,0.004451
1.523649,0.006417,-0.996944,0.017721,0.007927,0.003779,0.003325
1.550087,-0.012099,-0.988488,-0.011637,0.027969,-0.022408,-0.001459
1.573324,0.006869,-0.991490,-0.005735,0.000640,0.009884,-0.015171
1.602455,0.031456,-1.020969,-0.017745,-0.006423,0.004278,-0.019353
1.621737,-0.004402,-1.010024,0.013668,0.005750,0.022354,-0.009470
1.653075,-0.005822,-0.983305,-0.005279,-0.020656,0.007013,-0.002745
1.680328,0.010855,-0.989712,0.001426,0.021439,-0.003986,-0.006417
1.698924,0.009765,-0.995102,0.025404,0.012213,0.013318,0.011363
1.731981,0.029741,-1.003383,0.005977,0.023493,0.006251,0.000735
1.758119,0.015093,-0.992411,0.023754,-0.005231,-0.001091,-0.004529
1.776772,0.032949,-1.023000,-0.006469,-0.005412,-0.010779,-0.023890
1.794570,0.017279,-0.992831,-0.008398,0.004621,0.004372,-0.017099
1.818537,-0.001580,-0.997599,0.020050,0.009080,-0.028378,-0.005013
1.849297,-0.010132,-0.996614,0.017957,0.001581,-0.003575,0.007664
1.882104,0.013939,-1.000791,-0.003188,0.012539,0.012427,0.001346
1.902298,-0.020180,-1.019748,-0.010483,0.016645,-0.003651,-0.005506
1.928032,0.011320,-0.989423,0.015708,-0.006420,-0.007297,-0.004179
1.948996,0.012214,-0.990098,0.002130,-0.013465,-0.016594,0.015959
1.972023,-0.008349,-0.984608,-0.004460,0.006156,0.010175,0.003709
2.001488,-0.020593,-0.993885,0.001119,-0.010681,0.013425,0.007730
2.020565,0.030414,-1.002519,0.004229,-0.012274,0.007871,-0.021278
2.049212,-0.012725,-0.991146,0.003134,0.010478,-0.008636,0.010577
2.077045,-0.008686,-0.996502,-0.015439,-0.008565,0.011117,0.003822
2.100144,0.007979,-1.005007,0.004162,0.006299,0.003000,0.005551
2.127098,-0.009965,-1.008801,-0.002153,0.007000,0.008189,-0.023078
2.148216,0.010972,-0.997989,-0.028813,-0.003861,-0.005446,-0.003070
2.177393,0.008966,-1.000916,0.007396,-0.001408,0.020683,0.005758
2.201619,0.014744,-0.989644,-0.009044,-0.014436,-0.004587,0.010014
2.218401,-0.003479,-0.993580,0.011896,-0.011171,0.002389,-0.005986
2.245831,-0.008410,-1.007256,-0.012189,0.003703,-0.002083,-0.000345
2.272106,0.005750,-1.008297,0.027682,-0.002704,-0.008502,0.012764
2.302622,0.010924,-0.985329,0.007060,0.003909,0.001271,0.015881
2.326208,-0.006279,-1.030301,0.017316,0.002879,-0.000304,0.002230
2.351132,0.004616,-1.022383,0.033956,-0.003986,-0.008161,0.018946
2.375692,0.009929,-0.980301,-0.003209,-0.008176,0.012785,0.004842
2.402546,-0.020469,-1.008997,0.009330,-0.011740,-0.002430,-0.007764
2.428781,-0.024561,-1.005996,0.013628,-0.000666,0.008570,-0.009269
2.447781,0.013860,-0.998618,-0.031171,-0.009075,-0.012219,0.014983
2.468636,-0.002246,-0.984028,0.010292,0.001295,0.003481,0.001667
2.502669,-0.003845,-0.994983,0.006728,-0.011691,0.016975,-0.011420
2.524162,-0.003823,-1.008445,-0.008669,-0.022389,0.007432,-0.009293
2.550195,-0.009217,-1.000476,-0.000703,0.010218,0.007144,0.001189
2.574305,0.007973,-0.992461,-0.001851,0.006983,0.007700,-0.005232
2.595550,-0.024829,-0.992805,-0.010981,-0.007881,-0.013293,-0.004319
2.618957,0.021905,-1.003149,0.026847,-0.007719,-0.011236,-0.007599
2.653857,0.008688,-0.979306,0.002245,0.025894,0.006512,-0.014157
2.679372,0.007204,-1.004562,-0.005803,0.016827,-0.018602,-0.001363
2.703725,-0.004649,-0.990459,-0.013669,-0.011218,-0.011081,-0.005310
2.725833,0.013314,-1.002603,0.007431,0.004734,0.011486,-0.018978
2.751074,-0.010804,-0.998744,-0.020666,-0.004747,-0.008954,0.005254
2.773324,-0.006763,-1.001908,-0.012405,0.008142,-0.013238,-0.008702
2.800272,-0.001865,-0.998200,0.001348,-0.008325,0.007286,-0.004956
2.823389,-0.023684,-1.003283,-0.002877,-0.008622,-0.007319,-0.007962
2.847825,-0.009385,-1.011206,0.022755,0.000717,0.017861,-0.018168
2.875821,0.010886,-0.987735,0.014010,-0.007734,0.003606,-0.023215
2.906792,-0.010427,-1.002746,-0.021570,0.003698,0.003699,-0.000044
2.917466,0.003078,-1.022649,-0.009010,-0.014199,0.017974,0.001692
2.952406,0.009750,-0.993192,-0.012110,-0.002941,0.011455,-0.016133
2.977703,-0.009970,-0.984035,0.005018,-0.008350,-0.019741,-0.002380
2.995142,-0.005237,-0.997941,0.001153,0.000728,-0.003709,-0.002900
3.026254,-0.012104,-1.006323,-0.025596,0.006528,-0.007322,-0.003508
3.050406,0.003671,-0.998680,0.012115,-0.013670,0.005532,-0.003558
3.073144,0.013169,-1.005123,0.018878,0.016331,-0.006341,0.005071
3.098015,-0.007965,-0.988396,-0.006565,0.003409,-0.013322,0.007330
3.119375,-0.006637,-1.014593,-0.001081,0.004675,0.009786,0.008972
3.156829,0.027892,-0.997802,0.005344,-0.003160,0.015840,0.004033
3.184390,-0.003260,-0.993614,0.007168,0.007882,-0.020839,-0.020059
3.206346,0.006555,-0.983152,-0.000603,-0.018160,-0.001115,-0.000210
3.223849,0.005867,-0.981051,0.007221,0.005927,0.000687,-0.017126
3.251143,-0.008125,-0.984298,0.007425,-0.004835,0.014651,0.010945
3.276509,-0.008785,-1.008946,-0.004963,-0.016030,-0.003279,-0.014846
3.296748,0.010829,-0.995545,0.011617,0.003902,0.010284,0.008198
3.323966,0.030567,-0.978699,0.001160,-0.011035,-0.005302,-0.001619
3.352133,-0.006988,-0.982786,-0.008661,0.017559,0.003010,0.001119
3.373314,-0.008372,-1.000885,0.003230,0.001303,0.002153,-0.008566
3.392961,-0.002087,-0.996320,-0.032429,-0.011432,-0.005524,-0.003064
3.419928,-0.003437,-0.999082,0.008358,-0.006523,0.007025,0.000172
3.451020,0.005183,-1.002207,0.029792,0.007682,-0.007387,-0.025024
3.473652,0.012813,-0.992022,0.003644,-0.005335,0.008857,0.001813
3.498807,0.006566,-1.009275,-0.012396,-0.025932,-0.005830,-0.007456
3.530424,0.003813,-1.018559,0.007028,-0.003104,-0.007238,-0.000998
3.550339,-0.003630,-0.990957,0.001312,-0.006370,-0.005176,0.009212
3.572130,-0.008900,-1.007917,-0.005069,0.002380,-0.001975,-0.014350
3.599740,0.016667,-0.982928,-0.002384,-0.008966,-0.006370,0.004018
3.633632,0.002628,-1.009030,0.016823,-0.016777,0.002232,0.013716
3.645494,0.003936,-1.007209,-0.015838,0.002082,-0.014136,0.009914
3.682148,0.007235,-0.976996,0.000957,0.000173,0.006400,0.009503
3.705766,-0.009732,-1.009916,-0.007001,0.006628,-0.001419,-0.008932
3.724360,-0.026308,-0.988754,-0.007062,0.022415,-0.008269,0.009046
3.748656,-0.021042,-1.034795,0.003807,-0.009062,0.013089,0.019592
3.780675,0.003389,-0.982569,0.011648,0.009125,-0.007150,-0.003153
3.800976,-0.004090,-1.020298,0.002162,0.015243,0.015398,0.006838
3.822877,-0.006091,-0.998658,-0.019400,0.002748,0.016310,0.005904
3.857291,-0.002785,-1.002403,-0.015732,0.003886,0.009356,0.004269
3.875698,-0.020218,-1.026310,0.000537,0.012410,0.015598,0.005543
3.901329,0.015224,-1.000156,-0.031296,-0.023183,0.000613,-0.004237
3.925154,0.000196,-1.019833,0.002501,-0.011071,-0.004454,0.013660
3.948795,0.021534,-0.995527,-0.031436,-0.013975,-0.003309,-0.006957
3.975497,0.013335,-0.995736,0.022225,-0.014850,-0.014814,0.005644
3.998520,0.006811,-0.991389,-0.021921,-0.013105,0.018738,-0.001764
4.027030,0.017898,-1.014585,-0.024551,0.003697,0.005792,-0.015607
4.054222,0.006854,-0.990954,0.016993,0.010852,0.001835,-0.000557
4.079341,0.014623,-0.995268,0.003616,0.005815,0.001904,0.000630
4.104766,0.011138,-0.995361,0.005156,-0.012268,-0.000968,0.006514
4.130982,-0.023591,-1.000996,-0.004754,-0.007976,0.008179,-0.003298
4.153044,0.006915,-1.009220,0.010898,0.005655,0.000630,-0.010139
4.172582,0.009750,-1.013191,-0.000027,-0.001982,-0.005547,-0.008011
4.203849,0.007337,-1.012691,-0.029320,-0.008307,-0.021376,-0.003162
4.218403,-0.002187,-0.996740,-0.000127,-0.001585,-0.010643,-0.016114
4.247147,0.013823,-0.996096,0.019005,0.006388,0.003450,0.011054
4.276160,-0.006031,-0.979830,-0.003826,0.010607,-0.009872,0.000060
4.293270,0.006825,-1.022237,-0.009649,-0.001434,0.008788,-0.009639
4.330888,0.015097,-0.998871,-0.000209,-0.009213,0.012515,-0.010985
4.345931,-0.013685,-0.990129,-0.012322,0.001045,0.001737,-0.014838
4.369009,0.018391,-0.992288,-0.007080,-0.007096,-0.008623,-0.005377
4.396954,-0.009018,-1.005988,0.004205,-0.010777,0.009172,-0.003221
4.421944,0.003819,-1.019108,0.003841,0.009327,0.008435,-0.017412
4.449895,-0.012083,-0.977585,-0.023030,0.008418,-0.005436,0.007108
4.474368,0.012085,-1.014039,0.004262,0.009811,0.013000,0.009913
4.504124,0.015034,-0.994004,-0.014470,-0.001224,-0.005905,0.001154
4.524334,-0.017723,-0.981895,-0.010060,0.002489,0.000577,-0.002071
4.550702,0.010228,-0.985265,-0.020265,0.005896,-0.003874,0.002795
4.571040,0.024582,-1.001201,-0.002718,0.001662,0.011290,-0.005807
4.601989,-0.011045,-0.996875,0.005473,-0.005903,-0.008523,0.007906
4.621900,0.013497,-0.987153,0.012057,0.003994,-0.002521,0.017319
4.642207,-0.000511,-1.000776,0.001221,-0.008925,0.008431,0.004081
4.680215,0.003113,-0.984380,0.010780,-0.003832,-0.010461,-0.007481
4.695774,-0.001133,-1.010742,-0.023326,0.008561,-0.014332,-0.002739
4.720641,-0.001802,-0.999439,-0.022870,-0.008373,0.000211,-0.007580
4.746493,-0.003515,-0.996617,0.002276,-0.004881,-0.013632,0.001505
4.777604,-0.016189,-1.007727,-0.017878,-0.008639,0.000136,-0.017913
4.793906,0.011055,-0.996339,0.030968,-0.012790,-0.004130,-0.007945
4.823407,-0.006418,-0.981380,0.000059,-0.002539,-0.006629,0.006743
4.852308,0.001841,-0.986984,-0.023581,0.004666,0.010440,0.006179
4.882588,-0.013558,-0.981359,0.011750,0.011284,0.011188,0.003138
4.898841,0.023322,-0.992883,-0.006063,-0.004609,-0.000742,0.001350
4.925223,0.011129,-1.004911,-0.001143,-0.007611,-0.004214,0.010141
4.946531,-0.000640,-1.010077,0.025166,0.007175,-0.007677,-0.009819
4.982925,0.009517,-0.998040,0.004419,-0.005521,-0.016506,0.009940
4.999438,-0.006025,-1.004133,0.001143,0.004067,-0.011827,-0.002835
5.024750,0.004734,-1.025736,0.015510,-0.007048,0.012589,-0.012719
5.050587,-0.023862,-1.011289,-0.017105,-0.007016,0.015937,0.016517
5.071335,0.002090,-1.020936,0.011539,0.015820,0.003399,-0.004551
5.099959,0.009107,-0.988521,0.009243,-0.008418,0.007699,-0.007895
5.119955,-0.003183,-0.996772,-0.011962,-0.001177,-0.001594,0.009995
5.155955,-0.004468,-0.994494,-0.015615,-0.006868,0.009863,-0.005719
5.174402,-0.002839,-1.005760,0.010324,-0.004978,-0.011066,0.002402
5.199341,0.007160,-1.004984,0.009225,-0.001640,0.000960,-0.003228
5.229673,0.024080,-0.986518,0.000787,0.000982,0.016491,0.004677
5.245137,0.002341,-1.011351,-0.006855,0.010111,-0.000391,-0.000198
5.280605,0.004162,-0.995147,-0.017512,0.011805,0.027070,-0.005615
5.306089,-0.014213,-1.014472,-0.014256,0.004951,-0.004581,0.005398
5.321923,-0.006917,-1.001694,-0.014658,0.002150,-0.005360,-0.015147
5.352763,-0.007736,-1.023611,-0.003380,-0.015948,0.013329,0.000803
5.374610,0.003398,-1.006571,-0.019515,0.000345,0.006044,-0.000438
5.403531,0.029205,-1.010021,0.004311,0.021327,0.001625,0.010406
5.425168,-0.025876,-1.009182,0.000795,0.002249,-0.014270,0.005814
5.446399,-0.000698,-0.998419,-0.000259,0.003072,-0.004290,0.014004
5.477512,-0.008768,-1.011129,-0.003242,0.006868,0.008430,-0.011856
5.499126,-0.007720,-1.007574,0.003851,-0.004368,-0.016480,0.006264
5.525717,0.002806,-1.005919,0.011862,0.010962,-0.005624,0.023476
5.553906,-0.000770,-1.003385,0.008798,-0.010561,0.002756,-0.020888
5.579861,0.002992,-1.019460,0.004446,-0.019814,0.003847,0.001499
5.602517,-0.019231,-1.004258,0.002357,0.020490,0.002684,0.013576
5.619316,0.007853,-1.011312,-0.005504,-0.007339,0.006531,0.014412
5.652778,0.009327,-0.976307,0.022501,0.001219,0.014400,0.011341
5.673798,0.010214,-0.980395,-0.007472,0.003172,-0.009943,-0.005716
5.704289,-0.002541,-0.990612,0.008724,-0.016239,0.010230,0.015598
5.724217,-0.018097,-0.986175,-0.011157,0.003451,0.004607,-0.019386
5.755704,-0.001086,-1.014042,-0.005125,0.011481,-0.013254,-0.005226
5.777056,0.013006,-1.015735,-0.008482,0.020384,0.005231,-0.007101
5.800000,0.000351,-0.993105,0.019681,-0.008090,0.003189,0.011807
5.826173,0.001866,-0.987508,-0.019421,0.002648,0.001574,0.005361
5.842944,-0.005977,-1.028736,0.013060,0.007515,-0.015020,-0.017881
5.877295,-0.006561,-0.992818,-0.013451,0.013369,-0.006990,-0.021166
5.900460,-0.012829,-1.012256,-0.009331,-0.004764,-0.001592,-0.003216
5.920613,-0.003321,-1.020764,0.000164,0.012123,-0.010972,-0.000426
5.951628,0.007053,-1.022015,-0.019482,-0.014319,0.020878,-0.011724
5.976277,-0.013559,-1.011279,0.019825,-0.016460,0.007118,0.002203
6.001430,0.009097,-1.015509,0.031623,-0.012629,0.005768,0.007711
6.024538,0.009784,-1.015570,-0.021253,-0.004353,0.005532,0.009343
6.053154,0.004804,-1.020353,0.000901,0.006839,-0.004757,-0.000646
6.078206,0.010621,-1.010540,-0.009945,-0.004593,-0.004173,-0.000647
6.100374,-0.009959,-0.984685,0.006814,-0.004639,-0.001707,-0.001456
6.124756,0.006071,-0.990168,-0.001266,-0.002298,0.005317,-0.011806
6.148185,-0.007567,-0.996505,0.010051,-0.008719,-0.006028,-0.008559
6.172620,-0.001602,-1.002898,-0.012249,0.004781,0.002317,-0.000663
6.202447,0.017048,-0.990906,0.001774,-0.002758,0.005284,0.008277
6.222816,0.002800,-0.995441,0.000413,0.008860,-0.002270,0.000584
6.244351,0.012415,-0.997527,0.008702,-0.016823,-0.002415,0.021278
6.275984,0.001516,-1.006636,0.013334,-0.007220,0.009315,0.006167
6.304430,0.014815,-0.981206,-0.005467,-0.009663,-0.018167,-0.008083
6.323906,-0.006782,-1.022010,0.000345,0.012729,0.010336,0.006294
6.353473,-0.009109,-0.985263,-0.014292,-0.004165,0.006719,-0.011388
6.376926,0.012296,-1.014510,-0.001746,0.008663,0.004254,0.007014
6.395967,0.016065,-1.005331,0.004348,0.030418,0.027965,-0.008406
6.426290,0.009239,-1.015870,0.026787,0.002416,-0.000145,0.003368
6.449564,-0.015412,-1.003254,0.002057,0.023724,-0.011176,-0.000731
6.477729,0.005746,-0.987604,0.013992,0.013581,-0.005669,0.016470
6.488858,-0.015277,-1.001694,-0.025283,0.001254,-0.000637,0.006444
6.528325,0.004123,-1.007732,0.003853,-0.002128,0.010231,0.017723
6.552966,-0.019740,-1.013220,0.005618,-0.024254,0.010738,-0.019154
6.571301,0.009465,-1.003582,-0.005827,-0.018194,0.008421,0.003925
6.604279,-0.005936,-1.006748,-0.007630,0.003997,-0.008667,-0.005541
6.624395,0.031603,-0.991116,-0.019562,-0.002867,-0.016318,0.005048
6.650738,-0.004389,-1.011967,0.001566,-0.002420,0.005690,-0.024422
6.678465,0.026450,-0.984763,0.001399,-0.025752,-0.006027,-0.002454
6.705386,0.005620,-1.001177,-0.012464,0.005069,-0.005249,-0.008221
6.725694,-0.006357,-0.986336,-0.019283,-0.009800,0.009105,0.001077
6.752753,0.016126,-0.971582,0.000524,0.017145,-0.000882,0.003883
6.776785,0.014468,-0.997353,-0.003641,-0.001142,-0.003136,0.003382
6.797101,-0.023633,-1.008414,0.018377,-0.011930,-0.005050,0.003881
6.831580,0.001881,-1.003395,0.018666,-0.007648,-0.021576,-0.005743
6.853125,0.000058,-1.023200,-0.006683,-0.011642,0.003925,-0.012927
6.875627,0.019090,-0.985740,-0.004126,-0.009422,0.000511,-0.004724
6.904336,0.010898,-1.000852,0.029477,0.005313,0.001016,-0.002388
6.927216,0.010064,-0.984863,0.005998,0.005899,0.002766,-0.005996
6.947831,0.014538,-0.990754,0.001706,0.009347,-0.000575,0.004168
6.979067,-0.003684,-1.002877,-0.000866,-0.000920,0.003761,-0.006219
7.000000,-0.023186,-0.891696,0.082503,0.177647,-0.013341,0.112672
7.027087,0.091053,-0.939948,0.104526,0.171236,-0.000304,0.092399
7.056161,-0.053632,-0.862984,0.075726,0.036524,0.061510,0.108668
7.071839,-0.064645,-0.960948,-0.083811,-0.012470,-0.023804,0.119535
7.099065,-0.096023,-1.174427,-0.027406,-0.196971,0.037945,-0.150781
7.119183,-0.042086,-1.225592,0.005259,-0.197650,-0.038705,-0.130669
7.148677,0.033651,-1.238184,0.049401,-0.252084,0.015484,-0.126649
7.174924,-0.099484,-1.303962,-0.153903,-0.294009,0.014589,-0.174116
7.201533,-0.025477,-1.311562,-0.060197,-0.402091,0.048824,-0.122507
7.219968,-0.034809,-1.307777,-0.137284,-0.389066,0.012799,-0.188758
7.247153,0.104498,-1.420470,-0.130899,-0.445747,-0.114882,-0.185830
7.275039,0.037345,-1.224849,-0.069713,-0.251403,0.052379,-0.085421
7.311578,0.017854,-1.039094,-0.044689,-0.161611,-0.008992,-0.271827
7.325591,0.009819,-1.071166,0.051622,-0.092713,0.073574,-0.074105
7.350464,0.005303,-0.908261,-0.034570,0.239413,-0.038963,0.024693
7.372120,-0.138400,-0.711667,0.109040,0.332614,-0.071789,0.143402
7.398433,0.068943,-0.711336,-0.051977,0.469711,0.036755,0.163237
7.415249,0.009546,-0.676438,0.090223,0.515145,0.111586,-0.033480
7.447096,0.032739,-0.759977,0.097152,0.312886,-0.005132,0.308299
7.471833,-0.014839,-0.705440,0.179998,0.359388,0.050493,0.180745
7.498480,-0.068497,-0.759111,0.074830,0.157887,0.082491,0.193986
7.523170,0.009713,-0.739173,0.151241,0.195936,0.057291,0.149371
7.558231,-0.037771,-0.844276,0.039468,0.040854,0.005006,0.109255
7.578793,-0.052156,-0.873570,0.050465,0.030280,-0.029692,0.046668
7.599493,0.066869,-1.068200,-0.051854,-0.086176,0.000902,0.055223
7.617299,-0.024572,-1.122101,0.007695,-0.143445,-0.022327,-0.136442
7.656856,-0.023534,-1.162738,-0.022852,-0.145047,-0.070020,-0.022279
7.672628,0.135199,-1.176188,-0.002603,-0.218290,-0.173143,-0.090174
7.696413,-0.008628,-1.277912,-0.030166,-0.289877,0.046857,-0.156285
7.724339,-0.048217,-1.349841,-0.038512,-0.343267,-0.013853,-0.094462
7.749289,-0.015196,-1.323021,-0.170523,-0.310156,0.058732,-0.152915
7.780512,-0.018141,-1.363782,-0.153621,-0.365948,-0.051237,-0.127938
7.800261,0.032463,-1.325161,-0.148005,-0.304886,0.006520,-0.145981
7.826780,-0.034766,-1.219581,0.028298,-0.268395,0.092918,-0.111400
7.852347,-0.049458,-1.024652,0.042727,0.073426,-0.093952,-0.120489
7.880952,-0.089460,-0.795167,0.084283,0.224872,0.062602,0.032466
7.902646,0.039680,-0.717892,0.080174,0.374629,0.111544,0.078786
7.924369,0.001111,-0.716517,0.051559,0.392875,0.133804,0.154761
7.948312,0.082796,-0.679219,0.045428,0.406254,-0.059752,0.147316
7.969343,0.046025,-0.752780,0.042762,0.504929,0.046187,0.147264
7.995996,-0.045547,-0.634813,0.098091,0.300225,-0.040069,0.156038
8.012819,0.076236,-0.751131,0.078021,0.202341,-0.073684,0.218563
8.054132,-0.036585,-0.832242,0.110844,0.258527,-0.067572,0.208368
8.071906,0.037906,-0.890698,0.020191,0.243598,-0.010943,0.112139
8.097668,0.039625,-0.923101,0.019954,0.061076,0.024803,0.079850
8.127797,-0.085774,-1.135176,0.007425,-0.100138,0.087524,0.122003
8.148524,0.035858,-1.111436,0.008571,-0.172491,0.004217,0.146951
8.175954,-0.076666,-1.176588,-0.087982,-0.268507,-0.022364,-0.006280
8.197300,-0.005099,-1.062518,-0.027425,-0.215803,0.088796,-0.039555
8.223702,-0.100926,-1.248787,-0.009021,-0.289558,0.009037,-0.015746
8.250017,0.118036,-1.259141,-0.063431,-0.346075,-0.008563,-0.108333
8.281360,-0.040430,-1.395755,-0.111958,-0.462242,0.083942,-0.147244
8.293474,0.012550,-1.241040,0.002380,-0.414472,0.037633,-0.105240
8.321446,0.065071,-1.336530,-0.128779,-0.320382,0.021920,-0.215001
8.351327,-0.038562,-1.189306,-0.110283,-0.146719,0.021907,-0.206060
8.377312,-0.089965,-1.100513,-0.034876,-0.037349,0.025489,-0.109261
8.398594,0.056578,-0.774864,0.045229,0.300740,-0.018806,-0.312346
8.424785,-0.075389,-0.810157,0.166870,0.323793,-0.064209,-0.088404
8.449530,-0.006574,-0.638500,0.101822,0.470880,0.058373,-0.120026
8.477720,-0.019435,-0.621299,0.101633,0.323206,-0.024583,0.064047
8.494045,0.032862,-0.791782,0.130938,0.321540,-0.055290,0.032444
8.524387,0.169855,-0.728923,0.083544,0.422515,-0.031996,0.193846
8.555302,-0.067465,-0.764677,0.002848,0.228371,0.071694,0.321717
8.578996,-0.045677,-0.868767,-0.033198,0.213031,-0.001199,0.199254
8.597388,0.022081,-0.971649,0.089135,0.023806,-0.088603,0.051902
8.626659,-0.089526,-0.953372,0.039507,0.231794,0.041120,0.206518
8.645625,-0.051694,-0.942610,-0.014028,-0.000026,0.057525,0.004145
8.676951,0.042976,-1.115361,0.017301,-0.134054,0.035166,0.075493
8.701577,-0.029723,-1.137628,-0.020992,-0.129157,0.089618,0.052016
8.725020,0.092050,-1.154021,-0.148452,-0.272890,0.070518,-0.104319
8.751349,-0.064532,-1.182833,0.007090,-0.343346,0.069496,-0.078813
8.774068,0.078425,-1.193196,-0.036071,-0.353836,0.041297,-0.065392
8.804390,0.077195,-1.279889,-0.122346,-0.162926,-0.000543,-0.072118
8.828517,-0.068499,-1.314816,-0.115050,-0.506708,0.019966,-0.161479
8.852657,-0.039246,-1.323192,-0.115603,-0.267462,-0.112722,-0.044654
8.879477,0.004477,-1.202209,-0.029649,-0.308452,0.079745,-0.228102
8.904631,-0.019765,-0.888726,0.073961,-0.051837,0.048282,-0.259440
8.925555,-0.011616,-0.798780,0.028937,0.190853,-0.074657,-0.247244
8.952515,0.031028,-0.545330,0.095014,0.336088,0.061656,-0.157926
8.974808,-0.032475,-0.655338,0.150015,0.331181,-0.006815,-0.159743
8.993213,0.083269,-0.705471,0.072684,0.348174,0.082737,0.136621
9.029793,0.025952,-0.727628,0.307298,0.296076,0.037973,0.225190
9.049436,-0.147611,-0.743434,0.065643,0.296254,0.020174,0.337308
9.074669,-0.051387,-0.735075,0.065052,0.286649,-0.042705,0.123015
9.108066,-0.003545,-0.757704,0.082756,0.237230,0.120273,0.214046
9.124406,0.003906,-0.901944,0.119847,0.277026,-0.097384,0.195025
9.148711,-0.059060,-0.817559,0.000682,0.145008,0.056093,0.227232
9.167836,0.147278,-0.956823,0.020832,-0.018030,-0.060482,0.110973
9.201323,-0.004175,-1.121749,0.016483,-0.147389,-0.116001,0.016226
9.225532,-0.029461,-1.191136,-0.121095,-0.111170,0.025374,0.032267
9.247473,0.038741,-1.255086,-0.120422,-0.233793,0.044902,-0.000580
9.279354,0.092693,-1.386450,-0.211403,-0.371286,-0.008412,0.092710
9.298253,-0.017888,-1.291461,-0.030989,-0.349129,-0.002889,-0.246919
9.319829,0.024859,-1.327249,-0.053584,-0.398177,-0.150496,-0.112599
9.347377,-0.088026,-1.412864,-0.109551,-0.435275,-0.011223,-0.191562
9.373972,0.144644,-1.328297,-0.106227,-0.326411,0.035915,-0.075995
9.399124,-0.029828,-1.290558,-0.184099,-0.361482,0.006840,-0.124478
9.424970,0.036130,-1.076541,-0.061987,-0.061317,0.090816,-0.354449
9.445419,0.002390,-0.827283,0.008414,0.200079,-0.047175,-0.191168
9.471153,-0.048743,-0.842849,0.047352,0.284474,0.115072,-0.091380
9.492439,0.069621,-0.744679,0.080651,0.312163,0.029982,-0.043249
9.524274,0.034233,-0.644011,0.141487,0.497087,-0.019919,0.163669
9.555863,0.037526,-0.642857,0.105764,0.399957,0.006327,0.120216
9.578913,0.008845,-0.622492,0.086273,0.192553,0.034691,0.178192
9.594102,0.039965,-0.807894,0.131679,0.334022,0.057239,0.202879
9.622530,0.068334,-0.803900,0.083159,0.244767,0.024285,0.150192
9.654814,-0.034528,-0.898867,0.058974,0.074051,0.008627,0.146228
9.673205,0.097762,-0.925667,0.146696,0.119518,-0.116913,0.153435
9.698088,0.050736,-1.049678,-0.066524,-0.065495,-0.018588,0.143683
9.719382,0.104156,-1.084908,-0.003389,-0.178708,0.034846,0.234317
9.757018,0.086787,-1.172098,-0.135733,-0.145635,0.108589,-0.004089
9.779073,0.072166,-1.303957,-0.135176,-0.229984,0.129070,-0.098126
9.795653,-0.022812,-1.192043,-0.102736,-0.324204,0.123785,0.023976
9.828693,0.096713,-1.366720,-0.018893,-0.466976,0.049747,-0.235191
9.846114,0.058732,-1.353366,-0.162465,-0.342437,0.088486,-0.082086
9.875331,-0.033477,-1.392984,-0.018666,-0.322971,-0.015671,-0.030995
9.904771,-0.022754,-1.343895,-0.065422,-0.313101,0.012277,-0.220775
9.921305,-0.048197,-1.353492,-0.071573,-0.302379,-0.022425,-0.166560
9.946295,-0.035489,-1.054912,0.062800,-0.199811,0.053628,-0.115898
9.970713,0.021683,-0.878437,0.102129,0.013695,0.019670,-0.145668
9.999610,0.013054,-0.842291,0.068991,0.263801,-0.010875,-0.094903
10.028190,-0.057826,-0.678272,0.002805,0.448013,0.002529,0.051661
10.053215,0.122124,-0.675285,0.118974,0.425726,-0.030315,0.056297
10.081443,-0.033946,-0.623459,0.086965,0.275020,0.035149,0.211686
10.107262,-0.053913,-0.845210,0.167021,0.329246,-0.075732,0.266318
10.127512,-0.070993,-0.694157,0.187592,0.261851,0.025742,0.200024
10.143796,-0.023592,-0.862482,0.159676,0.263182,0.076370,0.126581
10.170867,-0.041459,-0.826969,-0.124522,0.161775,0.034679,0.129809
10.201960,-0.078235,-0.869063,0.112158,0.140160,0.018560,0.134399
10.225725,-0.036207,-0.987765,0.058068,-0.058180,-0.029454,0.172786
10.249181,0.016034,-1.046784,-0.103202,-0.017471,0.009206,0.074287
10.272564,0.020363,-1.038648,-0.144581,-0.237737,0.060668,-0.077684
10.301504,0.040529,-1.176500,-0.111402,-0.273936,0.048806,-0.023338
10.318944,-0.091167,-1.319958,-0.146467,-0.175447,-0.001686,-0.162190
10.348887,-0.041725,-1.310965,-0.083065,-0.383968,0.069682,0.044245
10.376366,0.069017,-1.325419,-0.128526,-0.345484,-0.020410,-0.077807
10.405034,-0.108900,-1.349049,-0.208534,-0.534423,0.055532,-0.199939
10.430040,-0.001221,-1.310299,-0.058196,-0.399331,-0.014085,-0.154379
10.447087,-0.054429,-1.287315,-0.125628,-0.266636,-0.052216,-0.090695
10.469837,-0.016430,-1.192662,0.031264,-0.193664,-0.008649,-0.217945
10.499803,-0.044676,-0.761830,-0.031611,0.085784,-0.045865,-0.186929
10.526243,0.012892,-0.834807,0.134424,0.408365,-0.016542,-0.339759
10.543797,0.016974,-0.638674,0.211146,0.437814,0.108713,-0.052046
10.568612,0.083360,-0.631520,0.151445,0.319865,0.071609,0.018164
10.596955,-0.007141,-0.617890,0.009488,0.397656,-0.005133,0.194721
10.624185,0.047143,-0.815794,0.062145,0.395515,0.125493,0.237360
10.650901,0.067117,-0.791656,0.062270,0.222269,-0.008315,0.149920
10.674076,-0.026440,-0.789606,-0.023351,0.259940,0.028309,0.177472
10.699536,0.010997,-0.761165,0.028090,0.080133,0.090021,0.210606
10.728474,0.014790,-0.875468,0.051964,0.161814,0.005984,0.231807
10.748502,-0.008464,-1.123046,-0.036501,-0.056895,0.064796,0.148551
10.773344,-0.068406,-1.065826,-0.033780,-0.149726,0.052760,0.029678
10.793586,-0.063093,-1.043270,-0.137716,-0.122539,0.004045,0.124608
10.826016,-0.036363,-1.067435,-0.149996,-0.170335,0.025141,0.048902
10.853818,-0.101574,-1.268555,-0.109699,-0.335014,-0.018276,0.011632
10.877343,-0.100982,-1.183212,-0.001996,-0.464019,0.021639,-0.117578
10.896414,0.012020,-1.423865,-0.161347,-0.360597,-0.053433,-0.042213
10.929245,0.166400,-1.293737,-0.080549,-0.417623,0.104758,-0.127149
10.948655,-0.065687,-1.266076,-0.030802,-0.346998,-0.124502,-0.097736
10.981901,-0.019391,-1.265912,-0.040903,-0.267912,-0.044018,-0.313469
11.000887,-0.096455,-1.158449,0.064950,-0.234996,0.064609,-0.137929
11.029654,0.057785,-0.798054,0.106077,0.195419,0.075321,-0.233323
11.050773,-0.070213,-0.679729,0.201143,0.273741,-0.086294,-0.133727
11.075428,0.135880,-0.674658,0.122186,0.416162,0.037168,-0.092187
11.096772,-0.032949,-0.599181,0.185641,0.440800,0.035350,0.033391
11.121946,0.059272,-0.689637,0.076414,0.373116,0.003313,0.111962
11.154326,0.135032,-0.687385,0.167250,0.210037,0.010996,0.190810
11.171042,-0.016384,-0.838844,0.114861,0.236009,0.019170,0.237452
11.206279,0.053342,-0.913615,-0.012649,0.212046,0.016328,0.166033
11.217803,-0.008820,-0.799171,0.041034,0.112754,0.051309,0.083797
11.249665,-0.018709,-0.978630,-0.033915,0.174851,-0.045697,0.053074
11.272750,-0.000614,-0.972543,-0.013966,0.150380,-0.010501,0.047660
11.306764,-0.029353,-1.130891,-0.130753,-0.261312,-0.026714,0.145278
11.322903,0.080580,-1.066096,-0.088867,-0.133103,-0.017933,0.034427
11.348043,-0.053866,-1.226158,-0.050432,-0.255662,0.015491,-0.065778
11.371555,-0.073294,-1.228021,-0.071251,-0.318886,-0.085520,0.043168
11.402552,0.024222,-1.238035,-0.105606,-0.445999,0.023585,-0.043704
11.424040,-0.056568,-1.210077,-0.055827,-0.350276,0.055094,-0.071956
11.449655,-0.008540,-1.324755,-0.222619,-0.415507,0.047367,-0.131366
11.468655,-0.061516,-1.345492,-0.110444,-0.390193,-0.120462,-0.268741
11.498498,0.001990,-1.228615,-0.114079,-0.354508,0.035490,-0.117271
11.523585,-0.168033,-1.150041,-0.028619,-0.100570,0.002757,-0.218449
11.547148,-0.062503,-0.893642,0.104745,0.138536,-0.004928,-0.189166
11.581752,-0.001878,-0.714699,-0.050512,0.256420,-0.033266,-0.131407
11.609512,0.035847,-0.746814,0.185042,0.419134,0.062006,-0.099527
11.624500,-0.103065,-0.725098,0.043421,0.355048,-0.038308,0.119332
11.647856,0.021355,-0.590988,0.152241,0.350251,-0.047184,0.174625
11.677628,0.023070,-0.698405,0.076207,0.408894,0.084130,0.177514
11.703019,-0.040453,-0.799593,0.131555,0.287918,-0.055357,0.104675
11.721190,0.104876,-0.807513,0.098864,0.336260,0.023729,0.137277
11.752225,-0.039112,-0.871767,0.046305,0.163113,-0.061265,0.143281
11.772702,0.019958,-0.835377,0.078416,0.147015,-0.029742,0.155037
11.798205,0.043381,-1.021633,-0.061224,0.065539,0.091885,0.000022
11.824221,-0.053927,-1.081696,0.005152,-0.167648,-0.081223,0.063160
11.853463,0.047234,-1.083049,0.032287,-0.147754,0.091580,0.052176
11.875468,0.006486,-1.202380,0.032361,-0.155123,-0.009370,-0.101087
11.901402,0.128678,-1.176487,-0.148022,-0.238193,0.006208,-0.150531
11.925580,-0.028569,-1.346449,-0.102857,-0.277324,0.115547,-0.065969
11.942737,-0.097433,-1.256046,-0.076123,-0.259349,-0.082534,-0.138985
11.980287,-0.020527,-1.260711,-0.103049,-0.406358,-0.020544,-0.115333
11.999603,0.016954,-1.295795,-0.124738,-0.374554,0.025752,-0.192299
12.022799,-0.073877,-1.230657,-0.090727,-0.300684,0.015892,-0.293236
12.046038,-0.115399,-1.193569,-0.077123,-0.120671,-0.088124,-0.179835
12.069389,0.036694,-0.898438,0.081050,0.156014,0.004645,-0.283032
12.100837,0.030623,-0.765237,-0.006600,0.321380,0.116939,-0.140743
12.129205,0.061915,-0.727244,0.139169,0.418477,0.027592,-0.112432
12.149652,0.047912,-0.704851,0.055190,0.314684,0.038183,0.097072
12.173555,0.009215,-0.687138,0.134299,0.323797,0.082674,0.106836
12.201393,0.058921,-0.780164,0.052259,0.341666,-0.052691,0.237420
12.212102,0.151368,-0.752098,0.173193,0.290048,-0.028315,0.200720
12.250499,0.013381,-0.890723,0.028573,0.183118,0.072337,0.222162
12.273246,0.036950,-0.899545,0.096143,0.259850,0.101437,0.053054
12.302647,0.029815,-0.931487,0.014187,0.098413,-0.091479,0.154905
12.329443,-0.039214,-1.043605,0.118451,0.002759,0.047321,0.156254
12.348839,0.037767,-1.082486,0.003438,-0.078172,-0.066221,0.143266
12.370175,-0.053951,-1.211571,0.055627,-0.248357,-0.061091,0.181776
12.402782,-0.031983,-1.189959,0.002417,-0.241522,-0.057263,-0.040184
12.425106,-0.049936,-1.210496,-0.065032,-0.304136,-0.064490,-0.182011
12.452423,-0.036894,-1.277697,-0.217657,-0.372912,-0.023178,-0.120506
12.478144,-0.048265,-1.215700,-0.176518,-0.315716,-0.093387,-0.044290
12.499939,0.002861,-1.328832,-0.027881,-0.441877,-0.047414,-0.180535
12.522213,-0.020024,-1.289921,-0.061252,-0.358738,0.088924,-0.161991
12.551205,0.003495,-1.275189,0.069516,-0.288336,0.037273,-0.164020
12.575394,0.013763,-1.118667,0.025627,-0.194042,0.018384,-0.229658
12.605576,-0.099699,-0.835705,0.137044,0.168315,-0.064408,-0.172971
12.625639,0.055689,-0.861183,0.127919,0.282494,-0.049188,-0.154269
12.654911,0.076969,-0.768451,0.094006,0.307850,-0.040335,-0.003622
12.678719,-0.066085,-0.664160,0.200503,0.361164,0.074900,0.030308
12.700855,-0.002486,-0.681687,0.116275,0.372133,-0.105127,0.187383
12.715807,-0.039892,-0.689411,0.022524,0.465628,-0.047702,0.238079
12.745549,-0.076096,-0.677232,0.177396,0.317005,-0.046354,0.266297
12.777937,0.168418,-0.842329,0.086403,0.172533,-0.044501,0.181313
12.803629,-0.023614,-0.769915,0.014803,0.218305,0.108322,0.164344
12.822089,-0.132790,-0.873046,-0.051795,0.085586,-0.044226,0.212440
12.843465,0.045633,-0.869505,0.000714,0.103185,-0.140714,0.228628
12.884537,0.026074,-1.091180,-0.092332,-0.166946,-0.084641,0.050909
12.899357,0.009427,-1.055332,-0.013193,-0.220822,-0.013060,0.031073
12.917307,-0.111337,-1.260864,-0.093332,-0.284755,-0.010410,0.102275
12.952040,-0.043091,-1.119057,-0.123324,-0.353165,0.026827,-0.072416
12.981146,0.002231,-1.320952,-0.166300,-0.284136,-0.041491,-0.098864
12.991293,-0.068141,-1.345760,-0.191104,-0.343553,-0.001464,-0.047556
13.025298,-0.078541,-1.438563,-0.149617,-0.367718,0.060148,-0.213393
13.048025,0.020420,-1.290883,-0.106182,-0.343283,0.025237,-0.114300
13.074925,0.005736,-1.242754,-0.036986,-0.343408,-0.059567,-0.210382
13.102606,0.118506,-1.221769,-0.047735,-0.068654,-0.023250,-0.230621
13.121041,-0.039866,-0.978998,0.114380,0.120105,-0.044420,-0.182052
13.145481,0.004416,-0.749927,0.144522,0.371532,-0.040689,-0.235031
13.169999,0.042135,-0.792082,0.132416,0.248202,0.059914,-0.040160
13.203972,0.046381,-0.572792,0.122517,0.333885,-0.012937,0.104411
13.229512,-0.007825,-0.631216,0.201633,0.312155,-0.055544,0.056426
13.245493,0.032258,-0.730679,0.042729,0.354201,0.064430,0.201188
13.279678,0.088998,-0.751609,0.071227,0.254573,0.081866,0.181806
13.297393,-0.026328,-0.838200,0.161824,0.232920,-0.026323,0.211303
13.325207,0.121209,-0.817932,0.007397,0.082401,0.129887,0.084494
13.348131,-0.019149,-0.900839,-0.003160,0.197985,0.026936,0.271485
13.373900,-0.013406,-1.059809,0.045299,0.043784,-0.053678,0.093865
13.405801,-0.107961,-1.144286,0.030389,-0.162414,0.006663,0.054924
13.425781,0.063456,-1.101748,-0.053186,-0.115262,-0.090426,0.186874
13.446712,0.076399,-1.135622,-0.042600,-0.197932,0.063122,-0.017410
13.481674,-0.104123,-1.200719,-0.239424,-0.195052,-0.055646,-0.115540
13.507823,0.039615,-1.204838,-0.186625,-0.360398,-0.025171,-0.133731
13.525498,0.050766,-1.309120,-0.099815,-0.376987,0.041199,-0.152991
13.556716,0.037853,-1.425380,-0.144499,-0.302605,-0.092138,-0.108134
13.582499,0.014080,-1.294668,-0.198849,-0.412724,0.017793,-0.160359
13.597505,0.039164,-1.199008,-0.054812,-0.358950,0.015986,-0.268584
13.618356,-0.034855,-1.207725,-0.085544,-0.129245,-0.003537,-0.178230
13.644880,-0.051190,-1.025252,0.053857,0.007841,-0.073399,-0.286558
13.669246,0.016423,-0.816886,0.138394,0.215443,0.058001,-0.146886
13.698049,-0.062752,-0.733150,0.098123,0.298201,-0.033787,-0.040998
13.732605,0.126933,-0.713088,0.160956,0.340642,0.029450,0.102977
13.748265,0.063506,-0.672314,0.065707,0.416751,0.070927,0.086741
13.772786,-0.024517,-0.670621,-0.061228,0.218515,0.079510,0.167347
13.806257,0.097808,-0.758778,0.137949,0.193128,0.080898,0.295160
13.824101,-0.047761,-0.724133,0.007238,0.350689,0.066386,0.139510
13.851988,-0.071558,-0.846196,0.165265,0.153328,0.035868,0.283041
13.883580,0.066157,-0.871544,-0.041734,0.061485,0.008736,0.086297
13.894124,0.053957,-0.914568,-0.076613,0.051953,0.020079,0.153054
13.920369,-0.102099,-1.086369,-0.036965,-0.073287,0.068750,0.158313
13.948882,0.005842,-1.152087,-0.043388,-0.166869,-0.004807,0.151810
13.975818,-0.083744,-1.180799,-0.036115,-0.213473,0.058443,0.076146
14.000433,0.065607,-1.199584,-0.062923,-0.219332,-0.002146,0.049420
14.027104,-0.005820,-1.259698,-0.140632,-0.158531,0.006721,-0.113406
14.045236,-0.005583,-1.336253,-0.130002,-0.366344,-0.011191,-0.062639
14.073366,0.037215,-1.386812,-0.059439,-0.460695,0.079594,-0.250015
14.095010,-0.032732,-1.403180,-0.094803,-0.491099,-0.013139,-0.227506
14.124466,0.078627,-1.185343,-0.149683,-0.284564,-0.003866,-0.156859
14.152076,-0.030110,-1.200843,-0.043044,-0.153603,-0.000710,-0.169828
14.177359,0.126814,-0.966094,-0.002424,0.099596,-0.053107,-0.134724
14.200933,0.106683,-0.901570,0.211065,0.235401,0.090355,-0.180144
14.229415,-0.063385,-0.739039,0.161371,0.308565,-0.028999,-0.101475
14.244286,0.029245,-0.701693,-0.061362,0.402951,-0.034295,0.132280
14.274727,-0.016189,-0.702348,0.054403,0.289929,-0.025382,0.063463
14.301504,-0.032828,-0.815832,0.035165,0.305934,-0.102681,0.208059
14.318782,-0.059339,-0.796258,0.073013,0.292994,0.004890,0.196152
14.361297,-0.005185,-0.899034,0.061923,0.246867,0.076319,0.350452
14.372435,-0.044146,-0.938969,0.049051,0.120001,0.011809,0.241027
14.404002,0.057419,-0.922625,0.047964,0.055893,-0.026000,0.103661
14.423791,-0.056275,-1.006624,0.006885,0.104424,-0.084190,0.089960
14.450099,-0.153946,-1.108917,-0.049257,-0.109672,-0.039293,0.106055
14.474858,0.008532,-1.098658,-0.051081,-0.023393,-0.016884,0.123097
14.506877,0.147237,-1.272365,-0.001669,-0.225498,0.031236,0.008830
14.524897,-0.065288,-1.255224,-0.036457,-0.256602,-0.082336,-0.136938
14.552949,0.061561,-1.296900,-0.048039,-0.247095,0.027936,-0.107028
14.578065,-0.121825,-1.296690,-0.209365,-0.483735,0.044712,-0.020717
14.602105,-0.036829,-1.358087,-0.143709,-0.320523,-0.025654,-0.211300
14.628146,0.039954,-1.274579,-0.027454,-0.329074,-0.074197,-0.066304
14.646806,0.058219,-1.269599,-0.202739,-0.275824,-0.081955,-0.125442
14.667889,0.017352,-1.226046,-0.162862,-0.292773,-0.003332,-0.207488
14.698633,0.138504,-0.916515,-0.062948,0.042327,-0.011026,-0.194316
14.721658,-0.104454,-0.859887,0.029277,0.241604,0.058532,-0.181584
14.741243,-0.006413,-0.800714,0.084459,0.227287,-0.000790,-0.182134
14.780099,-0.001507,-0.546188,0.098331,0.311992,0.026647,0.036445
14.792604,-0.050388,-0.641232,0.131502,0.368968,0.094309,0.094312
14.832008,-0.014761,-0.703503,0.105771,0.320893,0.021487,0.289693
14.844220,0.019829,-0.558709,0.048617,0.349078,-0.015140,0.171623
14.871709,0.008264,-0.886673,0.083970,0.160829,0.018662,0.268628
14.903014,0.100109,-0.717400,0.083280,0.053718,0.037794,0.128780
14.927475,-0.022767,-0.877764,0.079830,0.066584,-0.061709,0.084742
14.954772,0.073754,-0.946660,-0.011155,0.113767,-0.014187,0.156951
14.975504,-0.011953,-1.249519,-0.127068,-0.210929,0.003937,0.067867
14.998973,0.048905,-1.054228,0.033720,-0.236035,-0.060659,0.067320
15.014495,0.049043,-1.205493,-0.104486,-0.238528,0.004012,0.064540
15.051608,-0.035089,-1.260200,-0.106095,-0.274916,0.012657,-0.028255
15.074148,-0.004344,-1.314456,-0.071206,-0.257292,0.006753,-0.050211
15.099658,-0.046438,-1.286300,-0.202348,-0.314917,0.105488,-0.102411
15.127071,0.115431,-1.344616,-0.045962,-0.469805,0.019126,-0.103123
15.155879,0.023489,-1.263907,-0.084822,-0.358685,0.049682,-0.218292
15.171638,-0.001898,-1.242183,0.002687,-0.388779,-0.036349,-0.278568
15.199124,0.010645,-1.162675,-0.134166,-0.274947,-0.069478,-0.142717
15.223673,0.038378,-0.858145,0.038757,0.025236,-0.117423,-0.165160
15.242645,0.083924,-0.750739,0.074603,0.241039,-0.028901,-0.213274
15.279060,-0.012653,-0.717752,0.061140,0.380000,-0.091975,-0.044495
15.298562,-0.007160,-0.632516,0.092751,0.390777,0.067865,0.069789
15.317494,0.123861,-0.656515,0.142603,0.475886,0.022616,0.112056
15.350954,-0.007736,-0.756225,0.130832,0.421540,-0.045870,0.140295
15.374789,0.012372,-0.716415,0.168738,0.218046,-0.034261,0.200892
15.400695,-0.055527,-0.762368,0.182140,0.269740,-0.066599,0.222017
15.419243,0.078601,-0.777348,0.131645,0.120154,-0.057685,0.210935
15.444726,-0.025177,-0.921547,0.120385,0.131667,-0.058968,0.154190
15.474914,0.003558,-0.899877,-0.006708,0.065472,-0.027384,0.184699
15.503002,0.029373,-1.220188,-0.112474,-0.135450,-0.036235,0.070860
15.520758,-0.031380,-1.255798,-0.045991,-0.087909,-0.037590,0.038861
15.550012,-0.054927,-1.213306,-0.058533,-0.237588,0.068527,0.109500
15.573551,0.035247,-1.252182,-0.087986,-0.201822,0.075371,-0.047226
15.600912,0.073858,-1.362769,-0.136852,-0.155859,-0.045917,-0.098345
15.628172,0.104817,-1.365805,-0.115428,-0.336984,-0.056973,-0.092230
15.652560,-0.067908,-1.333023,-0.134025,-0.383359,0.002350,-0.046776
15.679920,0.046014,-1.398913,0.001209,-0.349030,0.027449,-0.241915
15.707464,0.001810,-1.242130,0.010769,-0.139344,0.098221,-0.290138
15.722575,0.021214,-1.032639,-0.119819,-0.145469,-0.059008,-0.281011
15.754931,-0.006237,-0.874185,0.117603,0.084480,-0.010112,-0.172878
15.773562,-0.044595,-0.762470,0.126265,0.237876,-0.046248,-0.088806
15.799310,0.081565,-0.683751,0.108721,0.249853,0.001665,-0.053102
15.822758,0.034726,-0.684952,0.241126,0.514745,-0.004823,0.040628
15.852138,-0.054963,-0.636612,0.140936,0.395354,-0.026364,0.163666
15.868605,-0.040851,-0.832245,0.096913,0.363860,0.132015,0.153848
15.894764,0.021685,-0.765407,0.137678,0.247395,-0.086327,0.288329
15.921775,-0.013603,-0.839126,0.084386,0.250634,-0.091624,0.175059
15.945175,0.088470,-0.794987,0.005418,0.135028,-0.030518,0.080907
15.967429,0.047590,-0.848901,0.086464,0.136938,-0.093824,0.259198
16.000000,-0.008707,-0.370050,0.340398,0.316287,0.064747,0.089644
16.019841,-0.008833,-0.646477,0.108972,0.449402,-0.104766,-0.352682
16.044746,-0.185198,-0.805101,0.198929,0.509428,-0.151865,-0.304712
16.073408,-0.114950,-1.523542,-0.128324,-0.383447,-0.204561,-0.267748
16.097927,0.033040,-1.594956,-0.061288,-0.416241,-0.065294,-0.445935
16.134692,0.098201,-1.835486,-0.292865,-0.875087,0.060412,-0.371599
16.158839,-0.019339,-2.125264,-0.510293,-0.922196,-0.039118,-0.284638
16.180890,-0.046932,-2.092616,-0.367569,-0.926665,-0.020539,0.090890
16.200882,0.307606,-1.748343,-0.305775,-0.856066,0.047496,0.642588
16.229779,-0.068130,-0.785728,-0.081997,0.272071,0.033934,0.352800
16.249994,-0.005952,-0.034881,0.275283,0.553839,-0.245175,0.490268
16.274982,0.295846,0.111647,0.425809,1.027044,0.037710,0.584740
16.303970,0.101188,0.148760,0.484525,0.909040,0.014948,0.283626
16.321643,0.181932,-0.253987,0.254014,0.825678,0.028550,0.247214
16.351939,-0.072843,-0.259742,0.206744,0.519552,0.099525,-0.108005
16.375267,0.131845,-0.461845,0.118345,0.371608,-0.143754,-0.277224
16.401067,-0.014148,-0.857993,0.093689,0.354803,-0.059981,-0.008281
16.427041,0.157790,-1.149196,-0.216489,-0.474295,0.044392,-0.124050
16.448259,-0.179880,-1.665156,-0.227836,-0.543818,-0.004083,-0.541534
16.467513,0.101497,-1.823765,-0.375648,-0.583759,0.078785,-0.337350
16.502316,0.012235,-2.072320,-0.168193,-0.890173,-0.057265,-0.309799
16.526898,-0.188084,-2.097664,-0.439847,-1.235742,0.203847,-0.202788
16.547238,-0.108196,-2.276320,0.021700,-0.885687,0.059035,0.274168
16.574475,0.056455,-1.574832,-0.164620,-0.538818,0.085337,0.350665
16.595906,0.034166,-0.226355,0.181924,0.638149,0.311842,0.450094
16.624320,0.208287,0.171247,0.258829,0.713260,0.195544,0.315617
16.653645,0.124068,0.057045,0.571161,0.733188,0.075038,0.295863
16.674806,-0.107921,-0.183904,0.539062,0.733385,0.087912,0.417671
16.704953,0.006316,-0.394512,0.248186,0.567498,-0.131964,-0.003568
16.723008,0.025201,-0.295143,0.239319,0.269914,0.235123,-0.068148
16.749731,-0.067168,-0.718894,0.126564,0.375569,-0.059150,-0.069335
16.763446,0.325410,-0.833204,-0.083787,0.171961,0.161699,-0.230481
16.802027,-0.198133,-1.516989,-0.209931,-0.343769,-0.068600,-0.364658
16.826616,0.090271,-1.581769,-0.156382,-0.739482,0.026453,-0.376516
16.844360,-0.153207,-1.808196,-0.323057,-0.818719,-0.189952,-0.261402
16.874772,0.064194,-2.213361,-0.395336,-1.012132,0.094391,0.380911
16.896610,0.005136,-1.941593,-0.489639,-1.009534,0.039832,0.066593
16.925358,0.000565,-1.558614,-0.105739,-0.517299,0.047834,0.121528
16.954156,0.187664,-0.670626,0.038850,0.527645,0.143031,0.039196
16.971176,0.142356,-0.201109,0.141852,0.885886,-0.007930,0.016337
17.003090,-0.093793,0.328914,0.092891,0.972204,-0.109086,-0.417884
17.020708,-0.011357,0.333098,0.205161,0.854116,-0.137574,-0.713293
17.052286,0.120821,-0.422221,0.172410,0.625755,0.010172,-0.567852
17.072719,-0.286870,-0.516602,-0.028835,0.321179,-0.077808,-0.512136
17.102547,-0.038641,-0.687111,0.206575,0.210729,-0.053756,-0.026253
17.121464,0.074782,-0.954694,-0.380314,-0.020657,-0.176514,0.183326
17.145541,0.090039,-1.613655,-0.209218,-0.599078,-0.001113,0.643040
17.176450,0.048874,-1.710806,-0.245451,-0.254343,-0.068150,0.520378
17.205864,0.115647,-1.736318,-0.302438,-0.747622,0.010578,0.255161
17.229693,0.368347,-2.093965,-0.309468,-1.092945,0.078518,0.103584
17.258972,-0.017612,-1.818851,-0.038731,-0.838235,-0.155520,0.026829
17.280933,-0.029829,-1.812270,-0.612217,-0.770756,0.068633,0.054229
17.304595,-0.196143,-0.420406,0.392327,0.348670,0.005046,-0.272988
17.329150,-0.016804,-0.102019,0.650966,0.928544,-0.200920,-0.139064
17.345620,0.045862,0.161768,0.715661,1.059238,0.044831,-0.261849
17.380527,0.058663,0.249652,0.131251,0.914527,-0.006600,-0.435127
17.397175,0.265188,-0.307348,0.190259,0.552877,-0.048632,-0.590084
17.425044,-0.076019,-0.665045,-0.008203,0.489571,0.123014,-0.437250
17.445236,0.061912,-0.606708,0.320589,0.388430,0.123508,-0.065717
17.473978,0.030170,-0.788037,0.333048,0.227934,-0.239148,0.333225
17.504674,0.031632,-1.434371,-0.252349,-0.321546,-0.078975,0.538169
17.524264,0.083758,-1.500004,0.017183,-0.452765,0.017457,0.413275
17.545618,-0.191120,-2.264662,-0.187758,-0.790751,-0.055793,0.188625
17.567466,0.252120,-1.964901,-0.100666,-0.790492,-0.074230,0.205132
17.602730,-0.114309,-2.339979,-0.185582,-1.106115,0.025876,0.209253
17.624473,0.098917,-1.987443,-0.335201,-0.955711,0.055980,0.192948
17.650066,-0.190788,-1.419134,-0.077298,-0.371335,0.187524,-0.043306
17.673308,-0.137590,-0.158922,0.337544,0.333990,0.021311,-0.059176
17.701550,0.034329,-0.195156,0.333894,0.901806,0.099600,-0.413256
17.721895,-0.042555,0.053806,0.396607,1.164329,-0.049920,-0.317185
17.751811,0.101346,-0.078786,0.365612,0.955359,0.164017,-0.386550
17.775509,0.110546,-0.385564,0.058113,0.614300,-0.102286,-0.454553
17.799557,-0.277566,-0.418858,0.100744,0.391456,0.112933,-0.241086
17.830341,-0.215649,-0.774398,0.400332,0.227548,-0.080643,0.287522
17.851038,0.048619,-1.409149,0.138262,-0.589947,-0.075137,0.368761
17.869769,0.015890,-1.335958,-0.297836,-0.395223,-0.049459,0.372922
17.906155,0.042947,-1.622728,-0.185614,-0.425508,-0.060170,0.458497
17.929851,0.123068,-1.952251,-0.591981,-0.676234,0.036507,0.197347
17.949864,0.009654,-2.175374,-0.538822,-1.093283,-0.056424,0.163332
17.980178,-0.016582,-2.066368,-0.317117,-0.728036,-0.077332,0.113963
17.999675,-0.097734,-1.538394,0.012460,-0.369463,-0.157258,-0.130860
18.025570,-0.012557,-0.561157,0.350271,0.475543,-0.190022,-0.121541
18.042206,-0.101316,-0.273970,0.247252,0.866888,-0.063008,-0.383518
18.079939,-0.039998,0.295140,0.356584,0.985779,-0.061227,-0.349278
18.097267,-0.097645,-0.015663,0.064261,0.898634,-0.061287,-0.536525
18.124596,0.184912,-0.330246,0.328855,0.487152,0.153962,-0.500945
18.151110,0.018627,-0.399621,-0.357399,0.122624,-0.080073,-0.384783
18.174995,-0.140893,-0.774783,0.183093,0.384446,-0.153859,0.153583
18.200791,-0.085148,-1.294969,-0.204059,-0.267638,-0.367437,0.420195
18.227091,0.214614,-1.408078,-0.012341,-0.353414,0.124448,0.480626
18.253189,-0.018480,-1.838386,-0.209033,-0.699760,-0.204128,0.235703
18.273638,0.028849,-1.779577,-0.352185,-0.758560,-0.090485,0.170976
18.290358,0.224668,-2.003460,-0.264207,-0.898883,0.201865,0.311411
18.325431,-0.046790,-2.523788,-0.394064,-0.664838,0.224105,0.186240
18.353504,0.288969,-1.761247,-0.350403,-0.708404,0.003566,0.002528
18.374990,-0.244858,-0.553096,0.073877,0.222044,0.140762,-0.032581
18.397705,0.157826,-0.180282,0.195499,0.820680,-0.051178,-0.055092
18.431781,-0.119614,0.325819,0.187064,1.099487,-0.122291,-0.129689
18.447406,0.001606,-0.105299,0.168889,0.847082,0.052535,-0.324015
18.473133,-0.167214,-0.171503,0.306904,0.532303,0.083108,-0.463139
18.497578,0.091997,-0.244394,0.220446,0.353427,-0.045648,-0.362312
18.528332,-0.134926,-0.382133,0.335744,0.404155,0.027152,-0.270289
18.545030,-0.100453,-0.701199,0.026008,0.370780,-0.197217,0.375843
18.572983,-0.057567,-1.284119,-0.095717,-0.481305,-0.389810,0.479390
18.600057,0.094820,-1.589080,0.089132,-0.486132,0.046565,0.359501
18.629005,0.007586,-1.867075,-0.142599,-0.699471,-0.060192,0.489325
18.659453,0.041058,-1.881800,-0.129664,-0.863239,0.159266,0.061899
18.679742,0.365066,-1.748474,-0.363963,-1.076272,-0.020172,0.213172
18.700374,-0.260284,-1.933977,-0.234025,-0.587474,-0.007769,-0.022084
18.728221,0.059454,-0.977752,-0.115646,0.194877,-0.032081,-0.388414
18.749737,0.088688,-0.185974,0.229324,0.839418,-0.212437,-0.210143
18.776042,0.089374,0.291320,0.437419,0.911086,-0.002890,-0.357664
18.798679,-0.153186,0.389350,0.504794,0.907776,-0.021437,-0.300784
18.824561,0.165980,-0.268540,0.077916,0.750916,-0.274434,-0.643151
18.847766,0.111092,-0.305451,0.373164,0.414904,0.061847,-0.439558
18.881346,0.050610,-0.170238,0.389602,0.348321,-0.091959,-0.273370
18.900790,-0.209586,-0.669094,-0.087920,0.311236,-0.214150,0.273005
18.930136,0.111580,-1.449960,-0.221692,-0.276991,-0.043267,0.451328
18.947588,0.222860,-1.358088,-0.188084,-0.578999,-0.052913,0.352356
18.978703,-0.227177,-1.701599,-0.330299,-0.658616,0.027579,0.227584
18.997994,0.056273,-2.092497,-0.349438,-0.971039,0.089021,0.370729
19.027363,-0.086890,-2.317817,-0.364685,-0.984994,-0.084601,0.066422
19.047790,0.328496,-1.820519,-0.378880,-0.574191,0.053154,0.209373
19.074197,0.069685,-1.685029,-0.175030,-0.317015,0.043332,-0.198584
19.097656,0.289912,-0.501014,0.295255,0.476045,-0.016567,-0.228600
19.123299,0.130357,-0.057723,0.263003,0.745634,-0.027797,-0.262580
19.151456,-0.016856,0.265508,0.136099,1.049738,-0.028453,-0.433611
19.165078,0.057356,0.166776,0.234674,0.723584,0.068212,-0.347096
19.206265,0.081599,-0.444581,0.184670,0.444196,-0.068089,-0.195816
19.227929,-0.092275,-0.541138,0.192183,0.396680,0.021659,-0.249806
19.248609,0.074240,-0.664020,0.008421,0.314291,-0.331859,0.102025
19.284878,0.075194,-1.560109,-0.290759,-0.241579,0.245002,0.424171
19.298781,-0.175225,-1.571736,-0.098947,-0.463572,0.350127,0.562413
19.325879,0.065015,-1.477951,-0.342767,-0.470004,-0.203531,0.454477
19.358450,0.045825,-2.248940,-0.183999,-0.956481,0.019294,0.397262
19.383072,0.009311,-2.061161,-0.489268,-0.903204,-0.171753,0.215054
19.397460,0.174218,-1.958932,-0.405549,-0.864018,0.155557,0.179966
19.427334,-0.266705,-1.831505,0.013694,-0.655044,0.128435,-0.081074
19.449113,-0.296520,-0.740686,0.157416,0.256672,-0.089918,-0.189711
19.480336,0.053422,0.072848,0.137923,0.819551,-0.089093,-0.307935
19.496400,-0.084250,0.057902,0.386983,0.776067,-0.136065,-0.518396
19.529569,0.098935,0.314615,0.180344,0.786223,0.016548,-0.425016
19.550811,-0.162558,-0.293152,0.184822,0.416880,-0.261951,-0.548442
19.571976,-0.240758,-0.452662,0.029078,0.519010,0.037860,-0.407512
19.599976,0.126773,-0.628532,0.084550,0.220552,0.101778,-0.050960
19.621858,0.177554,-1.447843,0.063188,0.122396,0.035181,0.565713
19.646881,-0.165022,-1.384539,-0.121197,-0.417752,-0.005083,0.524170
19.672809,-0.012054,-1.564181,-0.231890,-0.546608,-0.004643,0.677190
19.704329,0.164055,-1.861404,-0.177209,-0.680875,0.001367,0.302922
19.726441,0.100698,-1.835892,-0.210658,-0.897261,-0.132810,0.120127
19.751555,0.093289,-2.033411,-0.479715,-1.041696,-0.001516,0.043699
19.776076,-0.269682,-2.209120,-0.338061,-0.875894,0.070692,-0.103788
19.803349,-0.042401,-0.474313,0.068926,0.197931,-0.009403,-0.366470
19.828265,-0.096420,-0.172194,0.502116,0.949283,-0.025674,0.046558
19.853382,0.088927,-0.179114,0.667469,1.101827,-0.061206,-0.494260
19.878025,-0.130396,0.040863,0.595520,0.753627,-0.088432,-0.436499
19.903197,-0.245648,-0.125029,0.257306,0.722278,0.136226,-0.751758
19.925437,0.072338,-0.574229,0.186752,0.673590,0.119132,-0.528912
19.956352,-0.093325,-0.629587,0.038013,0.386337,0.018225,-0.388103
19.978200,0.169930,-0.919004,0.032994,-0.187893,0.091931,0.206530
19.993887,0.084511,-1.474859,0.026328,-0.317959,-0.222312,0.280941
20.032652,0.246999,-1.365056,0.064777,-0.596581,-0.049692,0.457368
20.052330,-0.027736,-1.709165,-0.251108,-0.698556,0.165942,0.241641
20.078322,0.069262,-2.000432,-0.195506,-0.881863,0.114505,0.236803
20.098957,-0.034791,-2.376354,-0.392601,-0.940600,0.006544,0.249505
20.124166,0.372042,-1.912769,-0.372028,-0.836628,-0.047263,0.315865
20.149282,0.098277,-1.277384,-0.341407,-0.122874,0.157082,-0.004349
20.174655,-0.064186,-0.629334,0.254363,0.466960,0.041745,-0.157118
20.199573,0.151335,0.152349,0.348186,0.995053,0.115280,-0.384669
20.221035,-0.231265,-0.063725,0.467274,0.821639,-0.209837,-0.328326
20.249367,-0.008224,-0.076444,0.319858,0.356429,-0.056529,-0.554258
20.274964,0.031447,-0.289863,0.375795,0.438350,0.087990,-0.510404
20.294237,-0.078061,-0.237271,0.286487,0.281453,0.001392,-0.152007
20.326694,0.057287,-0.824608,0.051103,0.260088,-0.120344,0.212972
20.350283,-0.183516,-1.594827,-0.235175,-0.305932,0.058977,0.799772
20.376442,0.008900,-1.338733,-0.338304,-0.451066,0.016902,0.599193
20.396157,-0.056993,-1.656883,-0.145329,-0.659617,-0.164579,0.280295
20.428742,0.033057,-2.024809,-0.470706,-0.770706,0.118953,0.290786
20.455336,0.031557,-2.259472,-0.368873,-1.033123,0.008881,0.269077
20.477531,-0.010083,-2.249934,-0.269042,-0.989884,0.085575,0.092188
20.506886,-0.137335,-1.258772,-0.230452,-0.168847,-0.049997,-0.106263
20.521027,0.096403,-0.356382,0.125223,0.482808,-0.009457,-0.239190
20.549633,0.059827,0.103828,0.385177,0.901191,0.059901,-0.080278
20.575915,0.026898,0.055181,0.244267,0.949089,-0.127616,-0.302919
20.599565,0.169529,0.014665,0.240253,0.941792,-0.112315,-0.372410
20.625421,-0.013563,-0.271834,0.208575,0.465220,0.273179,-0.305472
20.641827,-0.112265,-0.416677,0.151469,0.459260,0.208076,-0.357258
20.674583,-0.031776,-0.349683,0.052060,0.059414,-0.082119,-0.004375
20.706458,0.082564,-1.309061,-0.068623,-0.375663,-0.208090,0.490755
20.722245,-0.349329,-1.159329,-0.319398,-0.409638,0.132313,0.574782
20.750948,0.029444,-1.888590,-0.384360,-0.619663,-0.046131,0.633704
20.773958,-0.048549,-1.642795,0.031979,-0.895451,0.043591,0.534629
20.802994,-0.027635,-2.323998,-0.340947,-0.982126,-0.007189,0.457648
20.832056,-0.285650,-2.211304,-0.562275,-0.799193,0.088784,0.307708
20.851653,-0.078807,-1.963105,-0.140314,-0.695724,-0.153085,-0.212968
20.876671,-0.084419,-0.620037,0.405223,0.311475,0.202436,-0.359643
20.895974,-0.218210,-0.227202,0.331003,0.655406,-0.194018,-0.239984
20.923587,-0.011084,0.404677,0.163146,0.779730,-0.165510,-0.451630
20.946943,-0.055893,0.093205,-0.112544,1.048607,-0.115796,-0.413962
20.978699,0.206629,-0.238992,0.240337,0.318926,0.017596,-0.525812
21.003992,0.036515,-0.701551,0.252861,0.353676,-0.018409,-0.490058
21.027253,-0.083864,-0.691295,-0.013625,0.342831,-0.104564,-0.275918
21.046139,-0.241355,-0.636978,0.169961,0.155709,-0.034837,0.354443
21.077014,-0.032125,-1.340672,-0.164478,-0.329419,0.090032,0.488135
21.102306,0.035660,-1.649385,-0.330238,-0.691221,-0.012750,0.399111
21.118403,-0.067305,-2.162762,-0.037181,-0.513538,0.127300,0.477778
21.151322,-0.008029,-1.921048,-0.564022,-0.838407,0.046115,0.194848
21.174560,0.203034,-1.973363,-0.369966,-0.976357,0.019809,0.100698
21.196780,-0.040106,-1.871211,-0.325289,-0.864372,-0.083680,0.281898
21.232465,0.094652,-0.497646,-0.066649,0.448920,-0.158738,-0.244981
21.248381,0.071185,-0.161889,0.396648,0.584090,0.054761,-0.170661
21.274358,0.160444,0.228265,0.071463,0.961069,-0.000054,-0.341513
21.291239,0.232485,0.061304,0.144610,0.738508,0.079821,-0.590169
21.321866,0.082806,-0.134765,0.380866,0.702293,0.136108,-0.281332
21.351468,-0.072846,-0.433796,0.225198,0.475766,0.166219,-0.276357
21.372369,0.184528,-0.526430,0.241581,0.354401,-0.078336,0.101360
21.403054,-0.012729,-0.676503,0.255453,0.183538,0.076003,0.243357
21.431438,-0.257820,-1.579297,-0.185940,-0.238622,0.048848,0.290120
21.453955,-0.352317,-1.769937,-0.425225,-0.466214,-0.028988,0.677526
21.474272,-0.242857,-1.844829,-0.001966,-0.514697,-0.155306,0.341056
21.491954,-0.118072,-1.826385,-0.120030,-0.868972,0.104806,0.185144
21.526972,0.073453,-2.242411,-0.331332,-0.855773,0.040438,0.215754
21.547055,0.131509,-2.108535,-0.571700,-0.812787,0.044130,0.094918
21.569730,0.001857,-1.472845,-0.570392,-0.547900,0.068548,-0.060831
21.603069,0.191396,-0.253065,0.325843,0.576176,-0.077384,-0.279423
21.627998,-0.148604,0.137509,0.186769,0.721918,0.094181,-0.181085
21.652305,0.066034,-0.042145,0.588979,0.878485,-0.037409,-0.426006
21.679722,0.146342,0.186100,0.177839,0.747843,0.001188,-0.632358
21.705530,-0.163629,-0.227209,0.019557,0.600304,-0.034093,-0.257933
21.724472,-0.097427,-0.600992,0.049748,0.242736,0.023314,-0.157960
21.743620,-0.097620,-0.670497,0.425937,0.230552,-0.096422,0.091505
21.780740,0.005480,-1.226925,-0.166296,-0.311394,0.124465,0.331944
21.798788,0.033360,-1.435563,-0.072534,-0.450346,-0.042487,0.595406
21.822272,-0.399336,-1.538214,-0.013575,-0.393907,-0.069416,0.301684
21.843972,0.037738,-1.848879,-0.447858,-0.647498,-0.030652,0.379115
21.866290,0.025093,-1.972842,-0.236061,-0.861177,-0.065258,0.215011
21.900466,-0.064030,-1.927118,-0.086023,-0.957608,0.040331,0.059299
21.927697,0.022372,-1.666242,-0.297764,-0.726400,-0.112795,0.232575
21.947713,0.301882,-0.725005,0.027387,0.343409,0.001275,-0.160843
21.969702,-0.069296,0.098184,0.294345,0.773646,-0.043682,-0.218772
21.995853,-0.056146,0.072714,0.513934,1.026024,-0.019498,-0.388451
22.033841,0.002180,-0.153710,0.505905,0.739239,-0.270378,-0.339048
22.045557,-0.018430,-0.062111,0.244940,0.624381,-0.068744,-0.538889
22.080242,-0.085316,-0.691580,0.185813,0.253855,-0.143115,-0.486924
22.100327,-0.126152,-0.643906,0.273934,0.372733,-0.042252,0.142455
22.122557,-0.071148,-1.264400,-0.105581,-0.148426,0.301379,0.162375
22.144594,-0.170691,-1.419918,0.123880,-0.461528,-0.072507,0.566153
22.173690,0.094027,-1.893415,-0.324576,-0.454632,-0.082008,0.607528
22.197900,0.201607,-1.999789,-0.508060,-0.653155,-0.092940,0.350523
22.224193,-0.229418,-2.091314,-0.581071,-0.900408,0.117519,0.298380
22.249438,-0.043256,-2.189290,-0.306259,-0.773698,0.042750,0.073336
22.280420,0.016229,-1.933020,-0.228212,-0.706053,0.126444,0.024898
22.307655,0.114909,-0.670285,-0.070381,0.515459,-0.297256,-0.429283
22.330681,-0.172061,-0.050728,0.411308,0.677954,-0.121023,-0.152930
22.354993,-0.061866,0.097251,0.473172,1.182810,-0.212687,-0.079573
22.370198,0.213636,-0.084061,0.489222,0.737203,-0.174030,-0.121516
22.399589,0.036067,-0.019614,0.119264,0.677033,0.107119,-0.226888
22.422443,-0.031432,-0.545266,0.061904,0.692893,-0.329868,-0.352854
22.450992,0.005465,-0.714436,0.069428,0.426395,-0.137679,-0.320134
22.476218,0.207644,-0.916391,0.013509,-0.097187,-0.042203,0.403474
22.495620,0.018091,-1.681086,-0.197091,-0.481413,0.145648,0.544397
22.524409,0.085509,-1.666227,-0.155193,-0.523769,-0.046446,0.481925
22.550547,0.104977,-1.894357,-0.289846,-0.434481,0.060173,0.480592
22.577294,-0.260995,-2.057487,-0.669561,-0.973185,0.262656,0.065074
22.598203,0.355383,-2.245753,0.028853,-1.090282,-0.110132,0.244205
22.619563,-0.121924,-2.190014,-0.156967,-0.899094,0.100567,0.176679
22.650592,-0.066791,-1.446763,-0.000749,-0.495483,-0.401386,-0.292378
22.675556,0.067033,-0.409036,0.299048,0.482637,-0.158664,-0.289550
22.698279,0.255654,-0.042924,0.375567,0.988952,-0.132659,-0.365047
22.726429,-0.143330,0.025062,0.408204,0.724960,0.124654,-0.560011
22.745227,0.371330,-0.077840,0.226330,0.835814,-0.067637,-0.535325
22.773875,0.052755,-0.313777,0.480681,0.544187,-0.080411,-0.503833
22.790531,-0.067504,-0.613776,0.233640,0.482654,0.113670,-0.114952
22.826087,-0.297270,-0.617395,0.122427,0.274533,0.025745,0.260714
22.854116,0.022004,-1.448017,-0.361378,-0.181844,-0.145275,0.425894
22.870438,-0.178256,-1.522919,-0.009840,-0.399861,-0.123126,0.663034
22.907923,0.071705,-2.012299,-0.000650,-0.872861,0.014750,0.115633
22.928664,-0.116359,-2.062782,-0.345243,-0.959534,-0.151767,0.271417
22.950988,0.164812,-2.330432,-0.588380,-0.903378,0.052794,0.226383
22.970625,0.292391,-2.132771,-0.521329,-0.762521,0.007415,0.196500
23.006337,0.002004,-0.014666,-0.997935,-0.001545,-0.000702,-0.007966
23.027162,-0.019726,-0.002438,-1.005659,0.004695,-0.001383,0.002334
23.047449,-0.010585,-0.011439,-0.999055,-0.014019,-0.000843,-0.005827
23.065048,0.001659,-0.005894,-1.006363,0.000167,-0.001019,-0.000539
23.096357,0.004200,0.004916,-0.991292,0.004126,-0.006533,0.000755
23.128910,0.003965,-0.001460,-0.992906,0.000574,0.004351,0.002446
23.142733,0.005416,-0.005958,-1.003256,-0.002843,0.000329,0.001771
23.180719,0.000103,0.000815,-1.002649,0.000458,0.000597,-0.003966
23.199806,0.002082,-0.012293,-0.999025,-0.004004,-0.001587,-0.001025
23.221853,-0.000545,-0.004947,-1.003170,0.000272,0.000648,0.003935
23.255248,-0.002225,-0.003495,-0.993380,0.000141,0.003398,0.009599
23.267808,-0.013103,0.003023,-1.003653,-0.003977,0.001877,-0.001837
23.302569,-0.002637,-0.005122,-0.992283,0.000905,-0.005659,-0.003076
23.328377,0.004684,0.000484,-0.997828,0.002779,-0.001287,-0.003113
23.358561,-0.000441,-0.001581,-0.993470,0.004503,-0.002353,0.004827
23.369442,-0.000362,0.010309,-0.994808,0.004434,0.001355,0.002169
23.396632,0.007496,-0.000445,-0.996480,0.003418,-0.003789,-0.000314
23.418305,0.009741,0.000779,-0.984572,0.005773,-0.003924,-0.006377
23.453412,-0.002908,0.007718,-0.990233,0.001550,0.002110,0.000498
23.479717,0.005348,-0.009695,-0.997225,-0.003365,0.003512,0.001903
23.502468,0.000468,-0.008047,-0.998887,-0.000021,0.006474,-0.003435
23.520405,0.001168,0.006219,-0.992083,-0.006164,0.000183,0.002832
23.553791,-0.001968,-0.000318,-1.000519,-0.002095,0.001488,-0.001635
23.577368,-0.005663,0.019236,-0.993299,-0.006558,-0.001606,0.001550
23.599694,-0.013278,-0.006008,-1.003760,-0.000249,0.003406,-0.001313
23.625551,-0.008662,0.003958,-0.999367,0.004427,-0.003197,0.004850
23.649757,-0.003050,0.000430,-0.996044,0.002725,-0.003101,0.000395
23.677280,0.001275,-0.005759,-0.990632,0.004093,-0.005176,-0.002698
23.703412,0.007167,-0.002057,-0.995631,0.003022,-0.000214,0.007892
23.723625,0.001405,0.003499,-0.992472,-0.005888,-0.007973,0.006650
23.747446,-0.004525,0.006753,-0.984519,0.003573,-0.004680,-0.004021
23.773809,-0.003090,-0.000043,-0.994704,0.002110,0.003084,0.006634
23.798951,0.001757,0.005528,-1.001339,-0.009471,0.000605,0.000221
23.823471,-0.008067,0.000622,-0.997165,-0.003398,0.006149,-0.002941
23.857927,-0.012105,-0.002062,-1.004244,0.001851,0.003964,-0.005009
23.875574,0.002752,0.004488,-0.992390,0.001737,0.001851,0.004519
23.906274,-0.011878,0.004440,-0.998326,-0.001029,0.000440,-0.001474
23.919396,0.002277,0.004217,-1.007254,0.001484,0.002494,0.001358
23.947164,0.007043,-0.001263,-0.995103,0.000600,0.003874,-0.003952
23.977569,0.003874,0.014337,-1.001765,0.000310,0.004316,0.006174
24.005969,0.007537,-0.010411,-0.996832,-0.000103,-0.001392,-0.007514
24.031831,-0.000745,-0.000662,-0.995511,-0.000494,0.001730,-0.000045
24.055628,-0.014215,0.009451,-1.003597,-0.002078,0.000760,-0.002493
24.080528,0.001739,-0.014593,-1.003097,-0.002589,-0.006874,-0.007337
24.102190,-0.001062,0.008341,-1.002185,-0.006605,0.006291,0.004711
24.124161,0.006130,0.004584,-0.981826,0.002198,0.003879,0.000156
24.152989,0.005989,0.010210,-0.994595,0.003901,-0.011062,0.006498
24.169521,-0.004991,-0.002702,-0.994698,0.002431,0.000973,0.005114
24.201797,-0.004538,-0.008439,-0.995379,0.001230,-0.006715,0.001806
24.230295,0.001441,-0.000740,-1.005161,0.001154,0.000633,0.000301
24.247089,-0.000238,-0.006891,-0.996677,0.003039,-0.003522,0.002443
24.277147,0.000408,0.007921,-0.989565,0.005187,-0.000509,-0.003665
24.297187,0.002350,0.003719,-0.993086,0.003832,-0.007511,0.003401
24.319704,-0.003945,-0.006239,-0.986970,-0.001625,-0.000644,0.006138
24.340498,0.010496,0.000372,-1.001911,-0.002677,0.000080,0.002995
24.377477,-0.002077,0.003941,-0.996171,-0.000438,-0.000635,0.000947
24.399932,0.007399,0.001508,-1.006132,-0.003590,0.004472,-0.001415
24.431721,0.000073,-0.000305,-1.001261,0.004662,-0.001041,-0.005020
24.453119,0.007757,-0.002219,-1.001589,-0.001590,-0.006073,0.002600
24.481577,-0.005284,-0.006931,-0.990897,-0.000459,0.006423,0.004440
24.502480,-0.005460,0.013123,-0.987968,0.001919,0.000121,-0.001878
24.524683,-0.003099,0.005865,-0.998148,0.008261,-0.007785,0.006307
24.547707,0.008826,-0.009327,-0.998490,0.004730,0.004808,0.001383
24.573773,-0.003806,-0.006766,-0.999687,0.002088,-0.000253,0.000705
24.599567,-0.011504,0.004897,-0.999799,-0.009634,0.000083,0.002301
24.627782,-0.004574,-0.003226,-1.000219,0.000431,0.003816,0.007210
24.647255,0.000795,0.004046,-1.001212,0.001132,-0.000307,-0.005783
24.677006,-0.005281,0.005081,-1.002372,0.001084,-0.012747,-0.003767
24.696694,0.006542,0.009458,-1.001494,0.000572,-0.002934,0.014010
24.734681,-0.005868,-0.007010,-1.004176,-0.001084,0.003231,0.004379
24.748246,-0.001808,0.001063,-1.003056,0.004062,-0.004303,0.001590
24.775495,-0.006708,0.004928,-0.989885,-0.001601,0.003747,0.001201
24.793161,0.009337,0.000718,-1.003218,-0.000590,0.000381,-0.001439
24.831490,-0.005768,-0.001891,-1.001441,-0.001476,-0.001189,0.001046
24.851172,-0.006023,-0.010398,-1.005289,-0.002663,-0.000587,0.000447
24.872963,-0.007179,0.000583,-0.993996,-0.001699,0.006928,-0.002915
24.898470,0.002046,-0.003361,-0.993761,-0.002391,-0.002485,0.004938
24.927159,-0.012493,-0.001873,-0.997260,0.002617,-0.001136,-0.000916
24.940992,-0.010520,0.001261,-0.986703,0.001326,-0.002346,0.002500
24.978556,0.005495,-0.004213,-1.002238,-0.003866,0.003568,0.000965
24.996110,0.002688,0.006833,-0.988551,-0.002653,-0.000280,0.000317
25.019851,-0.003587,-0.009099,-0.995848,-0.000970,-0.002561,0.011589
25.050906,-0.008721,0.008095,-1.003557,-0.002922,-0.004700,-0.000534
25.075147,-0.013053,0.007828,-0.992541,-0.001419,-0.001706,-0.007511
25.095828,0.011650,-0.001314,-1.002120,-0.002766,0.001888,-0.002459
25.125969,-0.003600,-0.004790,-1.000003,0.003566,-0.002268,-0.001057
25.149644,-0.001639,0.002406,-1.003874,-0.001556,0.002531,-0.006394
25.177136,0.002832,0.000985,-1.010003,0.000215,-0.001527,0.009560
25.205651,0.004626,-0.004840,-1.007863,0.003162,0.000083,0.000883
25.220493,0.003084,0.002887,-0.997994,0.000046,0.003373,-0.000676
25.245209,-0.004105,0.005258,-0.995460,-0.003163,-0.006920,0.001482
25.277328,-0.003434,-0.004890,-0.999196,-0.001549,0.001920,0.001872
25.300162,-0.002782,-0.002550,-0.999920,-0.003036,0.005185,-0.000949
25.321374,-0.011340,0.002832,-0.996944,0.001864,-0.008101,0.001941
25.348575,-0.005413,0.000679,-1.010091,-0.004998,-0.005974,-0.000891
25.380875,-0.003587,-0.009089,-0.999241,-0.006766,-0.002116,0.001433
25.403694,0.003018,0.003079,-0.997014,0.006782,0.006119,-0.002049
25.420283,-0.007729,-0.001665,-0.996627,-0.004829,-0.006410,-0.004748
25.455180,-0.003941,-0.003399,-1.005898,-0.001724,0.006522,-0.002691
25.477500,-0.000416,0.003860,-0.995196,-0.001388,0.006031,-0.004590
25.493537,0.002235,0.009100,-0.992210,0.005222,-0.000737,-0.001333
25.524157,-0.003956,-0.004800,-0.998367,0.001021,0.001295,-0.000801
25.556137,-0.002214,-0.005266,-0.994254,0.002993,0.002423,0.002227
25.579302,0.006805,0.001069,-1.001331,0.002450,-0.000077,0.000493
25.601591,-0.008684,0.003565,-0.997760,-0.004937,-0.004137,0.008958
25.628238,0.011689,-0.002441,-0.996293,-0.002177,-0.001857,-0.005435
25.653780,0.000579,0.001761,-0.994235,0.000474,0.003051,0.002759
25.671083,-0.004061,0.010423,-1.000647,0.001817,-0.002088,0.002300
25.693103,-0.005118,0.002466,-0.997434,0.000324,-0.007562,0.000518
25.722049,-0.008345,-0.014975,-1.001893,-0.003183,0.003504,-0.003862
25.749371,-0.015523,-0.006827,-1.003456,0.000890,0.008449,-0.001073
25.777180,-0.003035,-0.008392,-0.998747,-0.001807,0.001564,-0.002719
25.799655,-0.011318,-0.003352,-1.001295,-0.001820,0.002943,0.001474
25.826386,0.003006,-0.003899,-0.995146,0.007855,-0.010987,-0.002368
25.846572,-0.005866,-0.007474,-1.002137,0.007302,-0.005353,-0.001164
25.876718,0.002396,-0.000410,-0.999743,-0.002614,0.001579,-0.002617
25.889195,-0.002324,-0.001376,-1.005944,0.001646,0.000975,0.002578
25.921698,-0.003435,0.002097,-0.999121,0.000384,-0.000087,0.000551
25.943787,-0.004872,-0.007812,-0.996330,0.010323,0.004803,-0.002677
25.980255,-0.001291,-0.016179,-0.993059,0.001335,-0.007189,0.002722
26.000428,-0.001445,0.005855,-0.995699,-0.003457,-0.005056,-0.003432
26.020737,-0.007771,0.004890,-0.996569,0.003347,-0.001185,0.001587
26.052876,-0.005002,-0.000131,-0.994993,-0.001884,-0.004502,0.005494
26.075350,0.002095,-0.006026,-1.002305,-0.002280,0.008123,-0.002072
26.102512,0.000480,0.001630,-1.004242,-0.002939,0.005790,-0.003206
26.129093,0.000219,0.006365,-1.002874,0.002494,-0.002832,0.004387
26.151845,-0.000372,0.002056,-0.993648,0.002674,0.002003,-0.003333
26.172692,0.004011,0.000622,-1.000734,-0.002413,0.003182,0.002623
26.200715,-0.001062,-0.000661,-0.995016,0.000700,-0.001512,0.002402
26.221120,-0.003547,-0.003301,-0.994011,-0.005284,0.002905,0.000754
26.256023,0.002435,0.009702,-1.004888,0.004083,-0.000094,-0.005404
26.281691,-0.000423,-0.004879,-0.990389,0.001952,0.004475,0.004572
26.299114,0.000125,0.005768,-0.998281,0.004387,-0.003654,-0.002121
26.329038,-0.008161,-0.014419,-0.995468,-0.005429,0.001500,-0.000356
26.352296,0.001267,-0.002286,-0.987723,0.004380,0.004450,0.002018
26.373469,-0.006169,-0.002393,-0.995883,0.004852,-0.005077,0.001731
26.394715,0.001271,-0.001104,-1.001417,-0.006812,-0.004728,0.002091
26.422618,-0.005107,-0.004584,-1.000714,-0.001480,0.002129,-0.000821
26.444082,0.005040,-0.000715,-0.986085,0.004572,0.002828,0.002134
26.472348,0.007980,0.003508,-0.996755,-0.001479,0.001565,0.005574
26.498019,0.002714,-0.001918,-1.002310,-0.006623,-0.001368,0.001028
26.523473,-0.003753,-0.016846,-0.997129,-0.005399,-0.001416,-0.000585
26.549798,-0.008679,-0.001063,-0.994233,-0.000734,0.002037,-0.000032
26.570463,-0.003610,-0.009430,-0.998925,0.004369,0.003006,-0.005092
26.590297,-0.020351,-0.001153,-0.998498,-0.005904,-0.001320,-0.004246
26.623619,-0.005521,-0.000423,-0.998538,0.002732,-0.001968,0.001503
26.650004,0.006418,0.001315,-1.004433,-0.002986,-0.001297,-0.007188
26.677310,0.003170,-0.001393,-1.000112,0.003239,-0.001058,-0.003743
26.700633,-0.001829,-0.002037,-0.986250,-0.001399,0.000041,0.000864
26.718524,-0.011477,0.010201,-0.996845,0.002771,-0.006004,0.002838
26.753623,0.004056,-0.000141,-1.002099,-0.001522,-0.001723,-0.002376
26.775376,-0.005341,0.006482,-0.996775,0.002042,0.003233,-0.000859
26.798325,0.000328,-0.000758,-1.003252,0.004555,0.004338,0.006050
26.822131,-0.005317,0.002026,-1.003447,-0.004416,-0.000851,-0.000506
26.848291,-0.013432,-0.003220,-1.007057,0.002650,0.003133,0.006588
26.880954,-0.006535,-0.004387,-0.996056,-0.002307,0.001627,0.001427
26.900295,-0.001955,-0.002178,-1.009631,-0.002474,-0.002938,0.000247
26.927214,0.005658,0.004055,-0.998596,0.000185,-0.000094,0.003792
26.946357,-0.003683,-0.005635,-0.997979,-0.002107,-0.001414,-0.006779
26.981503,0.005858,-0.011762,-0.994288,0.007767,-0.000810,-0.003049
26.998657,-0.002489,0.011900,-0.993450,-0.006919,0.004661,-0.003347
27.026476,0.004890,-0.009902,-1.003487,0.000997,-0.002375,0.001718
27.055220,-0.001870,0.003121,-0.991550,-0.001971,0.002998,-0.007695
27.075110,0.005273,0.003606,-0.992479,0.001008,0.001261,-0.005272
27.096429,-0.007754,-0.011898,-1.003566,-0.004593,-0.000630,-0.001440
27.125239,-0.006501,-0.006083,-0.996473,-0.001420,-0.001459,0.000371
27.151461,-0.006365,0.002965,-0.990623,-0.000175,0.000242,-0.003733
27.183485,-0.006657,-0.007310,-0.986553,0.002340,0.001329,-0.001898
27.199412,0.004860,-0.007894,-0.987154,0.001326,-0.001643,-0.002039
27.229355,0.003360,0.007093,-1.003174,-0.002828,-0.001631,-0.001010
27.246867,0.007167,-0.014511,-0.999379,-0.001212,0.000581,0.005744
27.279632,-0.003547,0.008257,-0.988543,0.001027,0.003829,0.000235
27.294898,0.001652,0.012808,-0.993085,0.001836,-0.004735,0.003899
27.324376,0.002745,-0.003585,-1.003700,0.002818,-0.008340,0.008992
27.352932,0.003964,0.004939,-1.005657,-0.001264,-0.000019,-0.001972
27.375811,-0.007959,0.000970,-1.002389,0.001151,0.007467,0.004850
27.401946,-0.011757,-0.010741,-0.996417,0.009107,-0.003602,0.002033
27.423262,0.000891,-0.000222,-1.009116,-0.004761,-0.004586,-0.002640
27.450191,-0.010146,0.004707,-1.002652,0.001224,-0.006686,0.001337
27.476515,0.002117,0.005135,-1.007778,0.002000,0.003345,0.003417
27.505297,0.006445,0.004045,-1.002358,0.000733,0.001862,-0.000318
27.517678,0.000191,-0.002473,-0.992396,-0.002682,0.004291,-0.001401
27.546940,-0.006394,0.001020,-1.004884,0.008238,-0.006100,-0.002625
27.575234,0.008955,-0.002014,-0.995431,0.001338,-0.000837,-0.002038
27.601070,0.005291,0.004559,-1.003427,0.000903,-0.000964,0.001631
27.628684,-0.005771,0.004359,-0.994010,0.001924,-0.001707,0.003846
27.653800,-0.004823,-0.001784,-0.991877,-0.004155,0.005658,0.000710
27.681963,-0.005653,0.008057,-0.998685,-0.006569,-0.002255,0.005143
27.695379,-0.002319,0.006635,-0.985931,-0.000929,-0.001135,-0.002843
27.723912,-0.004423,0.008944,-1.000866,0.006224,0.002516,0.003454
27.750192,-0.013126,-0.005210,-0.995920,0.002528,0.003970,-0.000305
27.777111,-0.009686,0.001694,-0.995401,0.006107,-0.000735,-0.001398
27.800396,0.008416,0.004337,-0.997246,0.006087,0.003030,0.000740
27.823548,-0.014585,-0.008234,-0.996270,0.000732,0.001724,-0.001386
27.854942,-0.002790,-0.001323,-0.997743,0.000828,0.007359,-0.003519
27.876519,-0.002072,0.001136,-0.999657,0.000618,-0.008425,-0.004093
27.897331,-0.005188,0.005211,-0.989253,-0.009089,-0.000204,0.003934
27.930445,-0.004794,0.004078,-1.005937,0.007856,0.002443,0.004135
27.950302,0.002012,-0.012117,-0.998653,0.001209,0.002609,-0.002250
27.981737,-0.012272,-0.003096,-0.998152,0.001949,0.002667,0.006049
28.001688,-0.000572,0.003516,-0.993320,-0.001778,-0.000423,0.000807
28.029659,-0.003989,-0.008868,-0.982813,0.006173,-0.006614,0.002525
28.046590,-0.002538,-0.007321,-0.997933,-0.006405,0.003731,0.000047
28.070066,0.001219,-0.003472,-1.003819,0.001302,-0.000119,0.004613
28.101855,-0.004149,0.002416,-0.996354,0.003829,0.001549,0.001457
28.129658,-0.004413,-0.006395,-1.000121,0.001215,-0.000634,0.000722
28.150101,0.000768,0.000758,-0.996302,-0.005599,-0.004343,-0.004184
28.171635,0.000817,-0.008026,-0.994201,-0.001520,-0.001275,-0.000772
28.195923,-0.000878,-0.007071,-1.005584,0.002548,-0.004859,-0.007773
28.223900,-0.000232,0.006866,-0.998246,-0.002553,0.003562,-0.004775
28.247781,-0.010141,0.000614,-0.998259,-0.002318,-0.000618,-0.009207
28.272819,-0.001890,0.003072,-1.007454,0.001861,-0.003749,0.002450
28.304121,-0.002091,0.006237,-1.001300,-0.008571,0.002059,0.002327
28.331490,-0.005239,0.002255,-0.995640,-0.006198,-0.003748,0.003464
28.349569,0.002898,0.003933,-1.004828,-0.000379,-0.002477,-0.004784
28.372681,-0.009303,0.001215,-1.001218,-0.000793,-0.001304,-0.001354
28.389909,-0.003363,-0.004187,-0.991591,0.002793,0.000623,0.001096
28.430426,0.005923,-0.010329,-1.009648,0.000143,-0.006037,0.001892
28.445822,0.004332,0.000691,-0.986432,-0.000767,0.000864,0.008026
28.470030,-0.006898,-0.001425,-0.993611,-0.004722,0.003085,-0.002591
28.500107,-0.009533,0.004160,-1.001813,-0.001361,0.002594,-0.002764
28.531827,-0.010574,-0.014270,-0.998380,0.001556,0.001745,0.001256
28.549232,0.000002,0.000449,-0.998741,-0.003796,0.007071,0.001473
28.594069,0.000820,0.009590,-0.989796,0.001298,-0.005242,-0.000789
28.595275,-0.001996,0.008814,-0.994777,0.004731,-0.002966,0.009717
28.627511,-0.006549,0.002220,-0.993672,0.006429,0.000680,-0.002636
28.651888,0.005335,-0.007518,-1.006237,-0.002270,-0.002679,-0.008378
28.679414,0.001118,0.001775,-1.000199,-0.005090,0.000308,-0.000957
28.696219,-0.001740,-0.001646,-1.002329,0.005077,0.008472,-0.001378
28.730221,-0.000070,-0.006937,-0.993551,0.004444,-0.003985,-0.001203
28.753275,0.002431,-0.008546,-0.999871,0.006066,0.004879,-0.006268
28.777104,0.002333,0.000757,-1.007681,0.000461,-0.000594,-0.005195
28.797825,-0.006130,-0.000173,-0.997556,-0.004984,0.003527,0.005997
28.820468,-0.003637,0.005349,-0.992829,0.002891,0.006399,0.000496
28.838543,-0.000568,0.004758,-0.999652,-0.004956,-0.008408,-0.000530
28.865372,-0.006509,0.003243,-0.996187,-0.001338,0.001456,-0.002650
28.904771,0.004599,-0.000177,-1.002588,0.007251,-0.004982,0.000036
28.925466,-0.018616,-0.008200,-1.001302,-0.002158,0.004251,0.005611
28.948068,-0.006906,-0.003821,-0.996982,-0.006264,0.001403,0.001364
28.969699,0.010581,-0.003487,-0.994050,0.004032,0.000793,0.001667
28.996891,-0.007855,0.000454,-0.994508,0.001600,-0.006591,-0.000628
29.026799,-0.001941,-0.002468,-0.988220,0.004571,0.005328,-0.006007
29.047346,-0.004647,0.009947,-1.005124,0.000183,0.001274,-0.002476
29.077928,-0.001803,-0.008825,-0.997672,-0.000089,0.000157,-0.003677
29.100924,-0.008124,-0.001861,-1.009542,-0.004230,-0.002641,-0.003382
29.126807,-0.006208,-0.001449,-1.008166,0.001533,0.002556,-0.002987
29.150968,-0.000555,0.006251,-0.990868,0.002226,-0.003047,0.002078
29.176047,-0.011088,-0.002219,-0.990165,0.005855,-0.003316,-0.005343
29.197566,0.003172,0.011743,-1.009104,-0.000205,0.000651,-0.002442
29.229445,-0.015301,0.000325,-0.993441,-0.001905,0.001084,0.001691
29.253063,0.001104,-0.001074,-0.978404,-0.001168,0.001256,-0.000958
29.270178,-0.000350,0.001305,-1.000135,0.002377,0.000971,-0.003313
29.305307,0.000644,0.005678,-0.995515,0.004892,0.001922,-0.004269
29.328331,0.001678,-0.006734,-0.987871,-0.009125,0.004379,0.004391
29.348863,0.004425,-0.002522,-1.006632,0.003325,-0.001986,-0.000894
29.378786,0.010241,-0.003313,-0.993208,-0.003626,-0.003998,-0.001717
29.406363,-0.009576,-0.013938,-0.991021,0.004190,-0.006755,0.000981
29.424734,0.004003,0.000654,-0.995615,-0.001918,-0.001890,0.000066
29.450536,-0.008531,0.006326,-0.994488,-0.001283,-0.002356,-0.000099
29.473235,-0.005885,-0.006222,-0.992799,0.008020,-0.004851,0.003927
29.500531,0.003539,0.003164,-1.000877,0.008189,0.002355,0.007197
29.524713,0.015574,0.005048,-0.990012,0.005891,-0.000182,0.005132
29.556516,0.001270,0.003604,-0.995184,0.000638,0.001544,0.000158
29.574484,-0.006154,0.004347,-0.991612,0.003556,0.001813,-0.001744
29.595005,0.005917,0.011893,-1.006090,0.004307,-0.000665,-0.000044
29.623771,-0.001964,-0.003577,-1.000789,-0.002812,-0.000318,-0.004294
29.646974,0.002208,0.010761,-1.005915,0.002525,0.004543,0.001239
29.669531,0.003664,0.004695,-0.997095,-0.002966,-0.004174,0.002611
29.697332,0.007851,-0.006637,-0.999679,-0.007092,-0.006331,-0.006559
29.728195,-0.001205,-0.000784,-1.001874,-0.001881,-0.000547,0.000351
29.750294,0.006104,-0.002566,-1.004290,0.002492,0.000756,-0.002133
29.765421,-0.004179,0.007956,-0.998564,0.003567,-0.001374,-0.000940
29.802577,-0.004837,-0.004415,-1.004946,0.001224,0.001245,-0.000151
29.822357,-0.003406,0.006438,-0.992742,-0.003685,0.000902,-0.002457
29.843331,-0.001034,0.000223,-1.002494,0.006900,0.003972,0.003183
29.863133,-0.005808,-0.003665,-0.992976,-0.004231,-0.001147,-0.002631
29.903361,0.004303,0.002283,-0.994368,0.007925,0.000033,0.005821
29.921500,0.007494,-0.001677,-1.004508,0.003182,0.006714,0.002426
29.956452,0.002258,0.004356,-0.990900,0.002668,0.000600,0.000458
29.980219,-0.003814,-0.000176,-0.998068,-0.001858,0.002458,-0.000937
30.003111,0.008214,-0.003852,-0.996387,-0.002513,0.004045,-0.006932
30.022686,0.003903,-0.001285,-1.003237,0.002184,-0.001499,0.002927
30.053426,-0.017425,0.002499,-1.003404,0.011541,-0.000910,0.001664
30.073798,-0.007573,-0.004881,-1.008311,-0.000612,0.007954,-0.004161
30.102954,-0.013295,0.015802,-0.997223,0.004729,-0.002233,-0.003428
30.119901,0.002358,0.008149,-0.999993,0.006484,0.005839,-0.004782
30.150101,-0.012374,-0.002664,-0.996442,-0.002494,0.006458,0.004608
30.173484,-0.001652,-0.009144,-1.000390,0.011852,-0.001335,0.006382
30.191847,-0.001544,0.001542,-1.002828,-0.008114,0.000283,-0.001000
30.230386,0.013149,-0.000487,-0.995944,-0.000958,0.002385,0.002279
30.249004,0.001135,-0.007441,-1.001221,-0.001113,-0.002007,0.001977
30.278598,0.005120,-0.001742,-0.992219,-0.002589,-0.001252,-0.001150
30.301579,-0.012963,0.013775,-0.996406,-0.003560,0.001422,-0.008477
30.324848,-0.007179,0.002644,-1.003254,0.003788,0.001482,-0.002010
30.344465,-0.005387,-0.008492,-0.990647,0.000131,0.000110,0.002844
30.379071,-0.005770,0.010675,-0.996468,-0.002785,0.000929,0.000402
30.399394,-0.010575,0.001254,-0.996806,-0.002330,-0.000252,-0.000044
30.422087,0.001249,-0.003104,-0.991431,-0.005297,0.002788,-0.002009
30.451296,-0.014668,0.006056,-1.004581,-0.003647,0.002496,-0.003429
30.470700,0.001543,0.005562,-0.995725,0.004730,0.002831,-0.003896
30.497457,0.003434,0.006298,-0.997428,0.000152,0.002956,0.000754
30.522620,0.006450,-0.002025,-1.007976,-0.004510,-0.001635,0.002120
30.551966,-0.002927,-0.003319,-0.999528,-0.002378,0.002517,0.000160
30.569830,0.003288,0.004332,-0.996197,0.007209,0.000953,-0.006087
30.602647,0.003280,-0.010779,-1.000006,-0.002100,-0.007507,-0.008270
30.627481,-0.006451,-0.002706,-1.001744,-0.001646,0.000262,0.005145
30.648841,-0.003721,-0.008116,-0.987970,-0.001984,-0.001889,0.002999
30.678594,-0.005673,0.009218,-1.011806,-0.001548,-0.001717,0.005503
30.702741,0.002604,-0.004056,-1.007601,0.000801,0.001863,-0.002366
30.722732,-0.013934,0.000165,-0.991929,0.005419,-0.000946,-0.002096
30.753569,-0.006788,-0.001422,-0.990843,-0.009515,0.003367,-0.003895
30.771526,0.001695,0.010976,-0.991144,-0.000017,0.004735,0.001704
30.801605,0.003349,0.009336,-1.003227,-0.001645,0.001035,-0.000695
30.831737,0.001261,0.000633,-0.993289,-0.000921,-0.002243,0.009153
30.852107,-0.010733,-0.001372,-0.993106,0.002439,0.002055,-0.008178
30.872003,0.004037,0.008488,-0.993591,-0.004295,0.005881,0.006626
30.906102,-0.008894,-0.005541,-0.991561,0.001028,0.006756,0.000983
30.927217,-0.007433,-0.001645,-0.999613,0.004257,0.000776,-0.002103
30.951205,0.010940,-0.000951,-0.998991,0.007655,0.003042,0.005149
30.977099,0.003530,0.002432,-0.998919,-0.004459,0.002973,-0.008069
31.003734,-0.011810,0.003812,-0.998235,0.002546,0.001151,0.001425
31.023302,-0.010038,-0.003051,-0.995507,-0.000553,-0.004001,0.004225
31.045803,-0.004632,-0.002588,-0.993614,-0.002449,0.002188,-0.003638
31.080628,0.001522,0.006851,-0.994475,-0.004735,-0.002194,-0.001875
31.098151,-0.005516,0.004013,-0.995100,0.004051,-0.005402,0.002245
31.120822,0.002482,0.007516,-0.995299,-0.009555,-0.002668,0.001496
31.150144,-0.012140,-0.019044,-0.992968,-0.000014,0.003070,-0.001820
31.180730,-0.008906,-0.002141,-1.004954,-0.000763,0.000553,0.000723
31.199735,-0.000011,-0.003913,-1.005208,-0.003772,0.004246,-0.001989
31.225237,-0.007399,-0.005662,-1.001039,0.003306,0.003891,0.006914
31.249176,-0.006328,-0.009244,-0.988512,0.000924,-0.001385,-0.004093
31.274479,0.003034,-0.002519,-0.998639,-0.000155,-0.003329,0.001510
31.306806,-0.001328,0.002008,-1.000060,0.004936,-0.007374,0.001623
31.322629,-0.003752,0.010013,-0.997149,-0.003693,-0.007983,-0.003578
31.355669,-0.007164,-0.015607,-1.006358,0.005367,-0.002073,-0.002656
31.378596,0.000633,-0.012104,-1.006483,0.003411,-0.004433,0.001755
31.398740,-0.001427,0.005739,-0.994824,0.004893,-0.000883,-0.004540
31.423923,-0.010452,0.001047,-1.002764,-0.001544,0.001922,0.002619
31.453837,-0.005396,-0.000859,-1.002019,-0.004382,0.001722,-0.007374
31.483135,-0.001345,-0.003171,-1.000672,0.001093,0.002330,-0.005207
31.500136,0.001663,0.008920,-0.998557,0.005836,-0.001897,0.000919
31.519395,0.004865,-0.002087,-1.004003,-0.003751,0.003555,0.009405
31.546940,0.004192,-0.007800,-1.004463,-0.000129,0.003365,0.009247
31.573923,-0.000801,-0.003958,-0.988939,0.007436,0.001436,-0.000061
31.596540,-0.001266,-0.004578,-0.991611,-0.000785,0.004114,-0.002373
31.629291,-0.004557,-0.008318,-1.006922,0.001164,0.000089,-0.005001
31.646271,-0.008094,0.004034,-1.007560,0.001400,-0.006978,0.006628
31.673797,-0.008873,0.012419,-0.995070,-0.001662,-0.002698,0.000396
31.706776,0.002251,0.009189,-1.002336,-0.004894,0.003296,-0.008611
31.728509,-0.004424,-0.000049,-0.998916,-0.005979,-0.006940,0.005440
31.757256,-0.001530,0.000540,-1.004593,0.005252,-0.001461,0.005654
31.776774,0.001203,0.003829,-0.990301,0.000161,-0.002393,-0.006368
31.800818,-0.007561,-0.009092,-1.002789,-0.005212,0.002395,0.004484
31.830782,0.001725,0.003997,-0.995746,0.002431,-0.000328,-0.004183
31.850279,-0.011025,0.002139,-0.989717,0.002438,-0.002497,0.000634
31.875383,0.003428,-0.002572,-1.006209,-0.000642,-0.001871,-0.005254
31.904748,0.000436,-0.005402,-0.997553,0.001498,-0.004081,-0.009174
31.928507,0.004885,-0.013058,-1.005312,-0.005837,0.002777,-0.005155
31.948764,-0.000536,0.005510,-0.999299,0.007099,-0.003799,-0.001911
31.969753,0.003890,-0.007323,-1.002557,-0.004059,0.002847,0.002081
31.995769,-0.004549,-0.008354,-0.992190,0.006791,-0.000316,-0.000128
32.025596,-0.007430,-0.005372,-0.997454,0.003119,0.002027,-0.000136
32.047454,0.008766,0.004684,-1.005441,0.003713,-0.003812,0.001771
32.074211,-0.007647,-0.002937,-0.992685,-0.001948,-0.000612,0.002516
32.096761,0.001803,-0.002954,-1.006595,-0.006513,-0.009023,0.007457
32.122429,-0.006505,-0.004152,-1.009931,-0.007151,0.000864,0.004734
32.153560,-0.001914,-0.015744,-0.989148,-0.003026,0.003572,-0.003976
32.176707,0.001932,-0.002026,-0.998873,0.000063,-0.002946,0.007611
32.193225,0.003795,-0.007386,-0.989181,0.004693,-0.003306,-0.000880
32.221301,0.002147,-0.002015,-0.997803,-0.007635,0.001088,0.003088
32.244392,0.009146,0.001430,-1.006061,0.001150,-0.006770,-0.000141
32.274224,0.005446,-0.001259,-0.995470,-0.000578,-0.001906,0.001596
32.303747,-0.003871,0.007884,-1.001822,-0.000680,0.002107,-0.005462
32.327702,0.003599,0.006744,-0.999231,-0.000011,-0.002867,0.004200
32.353279,0.007876,-0.007142,-0.993246,0.004320,0.005980,0.004554
32.375352,-0.000930,-0.004077,-0.998746,-0.000081,0.003274,-0.000750
32.399808,-0.012081,-0.002475,-0.995369,-0.004183,-0.000253,-0.006732
32.435350,0.001951,0.004259,-0.999026,0.001824,-0.003150,0.002057
32.451394,0.003122,0.004832,-0.996240,0.001932,-0.004594,0.001463
32.481062,0.000856,0.002523,-0.995496,-0.000701,0.002453,0.004912
32.495353,-0.008899,0.010804,-0.992572,0.005360,0.002362,0.002960
32.522558,-0.000281,0.008946,-0.989773,0.002536,0.000841,-0.001124
32.549639,0.002057,-0.001430,-0.997552,0.004165,0.005405,0.003262
32.578298,-0.000195,-0.006954,-0.988955,0.002179,0.009791,-0.004512
32.596117,-0.013019,-0.010042,-1.003671,-0.005426,0.008741,0.000513
32.620625,-0.005815,-0.009730,-1.003308,0.008662,-0.005284,-0.004104
32.645476,-0.001395,-0.003652,-0.993221,0.001544,0.004364,0.000592
32.677943,0.002417,-0.005184,-1.004234,0.001337,0.007529,-0.003140
32.697633,0.003387,-0.006428,-1.000875,0.006478,0.002598,0.001841
32.727213,-0.003481,0.010084,-1.002189,0.000207,-0.011710,-0.005286
32.748636,-0.004607,-0.011182,-0.996937,0.004269,-0.003131,-0.006373
32.777696,-0.004963,-0.008090,-0.991771,-0.003228,-0.000856,0.003938
32.805482,-0.001719,-0.004019,-1.003555,-0.000724,0.003951,0.000697
32.820195,0.003009,-0.001567,-1.007899,-0.003932,-0.004802,0.001667
32.848624,0.004308,0.006522,-0.991794,-0.004976,-0.004358,-0.002549
32.872382,-0.000204,0.010013,-0.995464,0.007859,-0.006413,0.001928
32.898762,-0.000711,0.007558,-0.983560,-0.003451,0.002856,0.005981
32.930949,0.000715,0.007624,-1.006812,-0.003520,-0.000606,0.001271
32.959930,-0.000701,-0.002035,-0.997339,-0.000532,-0.002627,0.000525
32.978842,-0.014392,-0.006718,-0.998893,-0.000909,0.000935,0.004732
33.000172,-0.010032,-0.001962,-0.993785,0.002665,-0.001357,-0.006328
33.022096,-0.007505,0.012385,-0.999423,-0.000939,0.005159,0.003949
33.048639,0.001552,-0.004218,-0.994347,0.003783,-0.004616,0.001716
33.074331,-0.009864,0.002310,-1.002685,0.002106,-0.003404,-0.000864
33.100144,0.002613,-0.005307,-1.007298,-0.006371,0.003504,-0.002705
33.124058,0.008220,-0.010261,-1.008575,-0.004128,0.003521,-0.000949
33.146560,-0.004073,0.003236,-1.010219,0.006082,0.005754,-0.002916
33.170296,-0.006809,-0.003334,-1.013018,-0.002519,0.000916,-0.000162
33.203136,-0.009956,0.007981,-0.992883,-0.005525,0.004461,0.006096
33.226721,0.002182,0.000863,-0.997198,0.002092,0.001929,-0.002457
33.249209,0.003038,0.002385,-1.004768,0.003747,-0.000159,-0.004857
33.273131,-0.001880,-0.014179,-1.001582,-0.004060,0.000092,-0.000693
33.301556,-0.003821,0.000003,-1.003063,-0.001208,-0.004181,-0.000004
33.321002,0.006668,-0.002327,-1.002453,0.006542,0.000931,-0.008117
33.351060,-0.005928,0.004818,-0.998881,0.000861,0.001435,0.009039
33.375373,-0.012737,-0.004435,-1.000297,-0.002255,-0.004870,-0.001242
33.403612,-0.009943,0.001420,-0.994687,0.004176,0.005826,-0.003403
33.424782,-0.004053,-0.003141,-0.995297,-0.002321,-0.003482,0.005580
33.454329,0.013428,-0.005392,-0.994237,-0.002970,0.010208,0.009450
33.478249,-0.012566,-0.004553,-0.992563,-0.008737,0.005207,0.002679
33.505594,0.002161,0.000087,-0.993213,0.003543,0.001504,0.000363
33.526353,0.000041,-0.000929,-1.009064,0.002842,-0.003767,-0.003120
33.551212,0.005793,-0.005119,-0.993629,-0.000643,-0.000517,0.001444
33.575148,-0.002797,0.009243,-0.997343,0.000600,0.002312,-0.000448
33.599050,0.001898,-0.002127,-1.011082,0.004760,-0.002077,-0.001144
33.619272,0.000919,0.004416,-1.000458,-0.004481,-0.000969,-0.000435
33.651720,-0.005842,-0.001651,-0.994914,0.003290,0.007123,-0.000439
33.676042,-0.004676,0.001651,-0.987409,-0.001826,-0.009736,-0.001161
33.698906,-0.010143,0.000123,-0.997527,0.000045,-0.001904,-0.004053
33.722743,0.004056,0.000364,-0.994776,-0.011263,-0.003434,-0.002012
33.747941,0.000320,-0.005054,-0.996036,-0.000956,-0.003065,0.000759
33.766811,-0.006126,-0.004549,-1.004699,-0.002992,0.003376,-0.002778
33.801675,0.000053,0.000419,-0.995347,-0.004060,0.005597,-0.002418
33.827484,-0.005027,0.000674,-0.996780,-0.000151,0.001672,0.004480
33.854252,0.004826,0.006650,-1.001033,-0.005266,-0.004840,-0.000945
33.864429,-0.004458,-0.003253,-1.005975,0.007468,-0.001656,0.006829
33.908488,-0.000213,0.001877,-1.006152,0.000203,-0.001648,0.006328
33.921717,0.004225,0.003738,-0.997090,-0.001053,0.000194,-0.000425
33.950829,-0.006524,-0.001331,-0.991943,-0.004978,-0.003023,-0.005539
33.974793,0.005880,0.003707,-1.007879,0.003633,0.001803,-0.003952
34.000179,-0.010141,-0.012188,-1.006892,0.005904,0.001978,0.000614
34.019518,-0.003754,0.008994,-0.997188,0.003255,0.003962,-0.001962
34.049722,-0.002935,-0.005021,-0.990082,-0.001808,-0.000224,-0.002083
34.069059,-0.005620,0.001840,-1.003103,-0.001435,-0.000796,-0.002035
34.103890,0.001039,0.007329,-1.010094,0.001404,-0.001514,-0.003902
34.114061,-0.002439,-0.002263,-1.006502,-0.003441,-0.005613,0.000127
34.153108,-0.018899,0.001838,-0.990788,0.000037,0.009946,0.001459
34.172625,0.000286,0.001165,-0.987109,0.004051,-0.004629,-0.000996
34.205986,-0.002144,0.007500,-1.003210,-0.004564,-0.000509,-0.001955
34.220473,-0.003014,-0.005732,-0.989814,-0.000496,-0.002709,0.001964
34.246745,-0.003539,0.000935,-0.991678,-0.001878,-0.006382,-0.004367
34.274745,0.000143,-0.000161,-0.998053,0.004197,-0.001724,0.009987
34.302642,0.007378,-0.008088,-1.000334,0.000875,0.000032,0.003246
34.326768,0.003157,-0.005119,-0.992570,0.003557,-0.001274,0.008918
34.353672,-0.009071,-0.004368,-0.991311,0.003635,-0.004584,-0.008370
34.378414,-0.012330,-0.007269,-0.999066,-0.002550,0.002000,0.003981
34.400050,-0.000062,-0.005682,-1.010650,-0.001241,-0.000338,-0.002023
34.423331,-0.006670,0.001928,-1.004058,0.000297,0.003670,-0.004117
34.453423,-0.000779,0.007755,-1.002450,-0.002396,0.002190,-0.007840
34.475959,0.001820,0.002728,-0.998385,0.001702,-0.000767,0.004052
34.500449,0.000006,0.000198,-0.995113,-0.009100,-0.011668,-0.003284
34.527732,-0.004947,-0.001296,-1.006865,0.005504,0.001374,-0.006802
34.541488,0.005536,-0.001883,-1.002989,-0.008290,0.001834,-0.001600
34.576319,-0.006117,-0.004192,-1.007416,0.001041,-0.002823,-0.003744
34.599626,0.010179,-0.005455,-0.986685,0.005752,-0.005820,0.002068
34.630821,-0.003303,0.000239,-0.998291,0.002833,0.002177,0.008440
34.650578,0.003397,-0.002379,-0.998825,-0.000921,0.002173,0.006699
34.675967,-0.001339,0.001975,-0.992688,0.007071,0.002082,0.001025
34.706793,-0.007509,-0.004938,-0.983134,0.003575,-0.007752,0.003499
34.721225,-0.013670,-0.007270,-0.996031,-0.002899,0.005957,0.001722
34.755799,0.002795,-0.001515,-0.995524,0.000728,0.002000,-0.000133
34.776264,0.004299,-0.002870,-1.000874,0.002687,-0.003381,0.000453
34.791953,-0.000046,-0.006266,-1.008307,-0.010113,0.001311,0.001740
34.821551,-0.007980,0.014339,-0.996002,0.003069,-0.005004,0.003191
34.849091,0.003500,0.010729,-0.993310,-0.004889,-0.000513,0.001033
34.870139,-0.003219,0.004632,-1.002567,0.000709,0.000522,-0.002262
34.893916,0.007358,0.000241,-1.001392,0.006265,0.006474,0.003715
34.927466,0.001668,-0.005339,-0.987122,-0.003749,0.004789,0.002923
34.948497,0.003622,-0.000758,-1.000285,-0.003166,0.009527,-0.001030
34.975232,-0.007715,0.000258,-0.990180,0.008073,-0.001134,-0.002344
